Variant,Asset,Year,N,CC_TotalReturn,CC_Sharpe,BH_TotalReturn,BH_Sharpe
Mechanical_Monthly,Fameli,2022,11,0.24608105173337447,0.28664904561623433,0.050832349244740005,-0.35604348037705247
Mechanical_Monthly,Fameli,2023,11,0.5013051802616006,2.033802423728177,0.274114677134752,0.19570907362619444
Mechanical_Monthly,Fameli,2024,11,0.4176214881366367,0.944044084864481,-0.04092467344613149,-0.7182665545869856
Mechanical_Monthly,Fulad,2022,11,0.4320759700180874,1.6214339025240094,-0.044808067135185814,-0.8696074406652006
Mechanical_Monthly,Fulad,2023,11,0.6519728563059586,2.9491522877640106,0.21966462888184912,0.10295107484853433
Mechanical_Monthly,Fulad,2024,11,0.44299687852998604,2.598681166219749,0.07639168547679298,-0.436886345979875
Mechanical_Monthly,IranKhodro,2022,11,0.8075261890026304,2.5759549147488223,0.4114652143997135,0.5514663117102934
Mechanical_Monthly,IranKhodro,2023,11,0.04125801003327845,-0.43874130861475913,-0.2584007940285763,-1.00641567195661
Mechanical_Monthly,IranKhodro,2024,11,0.2621443273598134,0.2746427700377415,0.11757625858570142,-0.11367723041374636
Mechanical_Monthly,Khgostar,2022,10,0.8167170408644255,1.5014878789365278,0.591204701134959,0.6001992365574627
Mechanical_Monthly,Khgostar,2023,11,0.46876721771894236,0.8322239095203082,0.025463191696500465,-0.3670852808812669
Mechanical_Monthly,Khgostar,2024,11,0.058822354149910216,-0.3228698208949501,-0.030265093537166776,-0.4161428626884272
Mechanical_Monthly,Shapna,2022,7,0.09736986959487703,-0.1118563200625505,-0.07369454137930931,-0.8165997928476559
Mechanical_Monthly,Shapna,2023,10,0.4297641488687145,0.7462603618004142,0.08269032336298099,-0.16493023601816353
Mechanical_Monthly,Shapna,2024,11,-0.04858502241396867,-0.5870622327641609,-0.09530281642894556,-0.47277457767157416
Mechanical_Monthly,VebMellat,2022,9,0.13471306929315396,-0.0419080654096795,-0.17997901640278324,-0.8050576159335682
Mechanical_Monthly,VebMellat,2023,11,0.8622965946182319,2.9726702428914447,0.5903542647816913,1.077866622207235
Mechanical_Monthly,VebMellat,2024,11,0.3768633608177028,1.0980413309032815,0.2079006217152155,0.06906664136843853
Optimized_Monthly,Fameli,2022,11,1.0550932436225091,2.7465996261041603,0.050832349244740005,-0.35604348037705247
Optimized_Monthly,Fameli,2023,11,1.3967099211357104,4.872224429048961,0.274114677134752,0.19570907362619444
Optimized_Monthly,Fameli,2024,11,0.6364791777246146,1.3839628377311441,-0.04092467344613149,-0.7182665545869856
Optimized_Monthly,Fulad,2022,11,0.5099327780104201,1.1555116731545751,-0.044808067135185814,-0.8696074406652006
Optimized_Monthly,Fulad,2023,11,0.9846774884301768,3.167642085830905,0.21966462888184912,0.10295107484853433
Optimized_Monthly,Fulad,2024,11,0.7797786627283305,2.551493177398349,0.07639168547679298,-0.436886345979875
Optimized_Monthly,IranKhodro,2022,11,1.3653235353069375,4.905010691940989,0.4114652143997135,0.5514663117102934
Optimized_Monthly,IranKhodro,2023,11,0.8271212239462089,2.18340965883257,-0.2584007940285763,-1.00641567195661
Optimized_Monthly,IranKhodro,2024,11,1.0270233731967577,3.4133279230498434,0.11757625858570142,-0.11367723041374636
Optimized_Monthly,Khgostar,2022,10,0.8892581199721439,1.6331849681945254,0.591204701134959,0.6001992365574627
Optimized_Monthly,Khgostar,2023,11,0.2749059941399643,0.21559262193170506,0.025463191696500465,-0.3670852808812669
Optimized_Monthly,Khgostar,2024,11,0.47241531512131263,0.7053794805957856,-0.030265093537166776,-0.4161428626884272
Optimized_Monthly,Shapna,2022,7,0.11262299215780747,0.0019653683656209162,-0.07369454137930931,-0.8165997928476559
Optimized_Monthly,Shapna,2023,10,0.2270110777145753,0.1453725716995896,0.08269032336298099,-0.16493023601816353
Optimized_Monthly,Shapna,2024,11,-0.14986817579452194,-0.6272754250851263,-0.09530281642894556,-0.47277457767157416
Optimized_Monthly,VebMellat,2022,9,0.0745679865327944,-0.21177429651586094,-0.17997901640278324,-0.8050576159335682
Optimized_Monthly,VebMellat,2023,11,0.8672253135371009,2.5892516058005177,0.5903542647816913,1.077866622207235
Optimized_Monthly,VebMellat,2024,11,0.599557344591922,1.5401966686304032,0.2079006217152155,0.06906664136843853
