Asset,Selected_OTM_pct,Assumed_Daily_Limit,Max_Cumulative_Move_in_ROLL_DAYS,Reachable
Fameli,-0.1,0.03,0.8602945717094972,True
Fameli,-0.1,0.05,1.7859625904016436,True
Fameli,-0.1,0.07,3.1405623748602167,True
Fulad,-0.02,0.03,0.8602945717094972,True
Fulad,-0.02,0.05,1.7859625904016436,True
Fulad,-0.02,0.07,3.1405623748602167,True
IranKhodro,-0.1,0.03,0.8602945717094972,True
IranKhodro,-0.1,0.05,1.7859625904016436,True
IranKhodro,-0.1,0.07,3.1405623748602167,True
Khgostar,-0.1,0.03,0.8602945717094972,True
Khgostar,-0.1,0.05,1.7859625904016436,True
Khgostar,-0.1,0.07,3.1405623748602167,True
Shapna,0.2,0.03,0.8602945717094972,True
Shapna,0.2,0.05,1.7859625904016436,True
Shapna,0.2,0.07,3.1405623748602167,True
VebMellat,-0.1,0.03,0.8602945717094972,True
VebMellat,-0.1,0.05,1.7859625904016436,True
VebMellat,-0.1,0.07,3.1405623748602167,True
