date,cc_ret,bh_ret,year,avg_coverage,avg_strikes_used
2022-06-19,-0.061891348212054546,-0.16671104002819903,2022,0.9999999999999998,1.0
2022-08-17,-0.004815358625225077,-0.11982234557843277,2022,1.0,1.0
2022-09-20,0.013718063385712584,-0.07595029639156572,2022,0.9999999999999997,1.0
2022-10-24,0.011513624341421788,0.15028277502910492,2022,1.0,1.0
2022-11-26,0.009989689256648235,0.15040175084498825,2022,0.9999999999999999,1.0
2022-12-28,0.005105323748290766,-0.07328635839173706,2022,0.9827959190499145,1.0
2023-01-31,0.015798619391535824,0.24972449475611946,2023,1.0000000000000002,1.0
2023-04-10,0.01968602362265926,0.07581579458479062,2023,1.0,1.0
2023-05-14,0.00045202528621635964,-0.09282510526048003,2023,1.0,1.0
2023-06-25,-0.008701797226915655,-0.10564487447796582,2023,0.9999999999999998,1.0
2023-07-30,0.019602547901252494,0.14578733421673754,2023,1.0,1.0
2023-09-04,0.009092243110713669,-0.09517335025347484,2023,1.0,1.0
2023-10-09,0.012997360847948567,0.03690891647131772,2023,1.0,1.0
2023-11-08,0.00899149397504063,0.0366639736648044,2023,1.0,1.0
2023-12-09,0.008938125672846029,0.013791018175830764,2023,1.0,1.0
2024-01-27,-0.004952330758393178,-0.04153008460061265,2024,1.0,1.0
2024-03-26,0.013150899877329989,0.023434683713978333,2024,0.9999999999999999,1.0
2024-04-29,0.007127746076101013,-0.10191878675438197,2024,1.0,1.0
2024-06-08,0.015297837442504578,0.061489439192307795,2024,1.0,1.0
2024-07-27,0.007692392275567625,-0.07722861283827757,2024,1.0,1.0
2024-08-28,0.010304495757062835,0.007754321334514825,2024,1.0,1.0
2024-10-01,-0.001178338857553021,-0.05403240600462908,2024,0.9999999999999998,1.0
2024-11-02,0.007899189141995508,0.20352298071322378,2024,0.9999999999999998,1.0
2024-12-03,0.009456892756217758,0.13400352918466038,2024,0.9981232359167177,1.0
2025-01-01,0.011449930233599534,-0.03929776041406785,2025,1.0,1.0
2025-02-11,0.010474388435658408,0.05131405724014352,2025,1.0,1.0
