date,cc_ret,bh_ret,year,turnover,short_maturity_share
2022-06-19,-0.1329034612171868,-0.14512306676777728,2022,7.58591162108857e-09,0.4911931356795394
2022-08-17,-0.06846598722364763,-0.09695982057290477,2022,0.10034310914627557,0.36583651669560735
2022-09-20,0.011140230736965517,-0.025708181606914217,2022,0.26666666513178794,0.14804273044720243
2022-10-24,0.12377991426591682,0.18226603355214907,2022,3.1333942732136855e-08,0.7104018944008866
2022-11-26,0.12065017506793826,0.125133204635486,2022,0.20000001656755717,2.2702712816143619e-13
2022-12-28,-0.11308114112962747,-0.11067918670565058,2022,0.2666671483559685,0.007700225209537279
2023-01-31,0.21971123831829295,0.2427937820560456,2023,0.5999996140649458,0.5918436332224758
2023-04-10,0.05081935501100818,0.0651638061514577,2023,1.0527739471855035e-08,0.0004940534201585843
2023-05-14,-0.0573657949418588,-0.05992804514696325,2023,0.29428174560043535,0.0056660026247042855
2023-06-25,-0.10140868127775306,-0.13781609470493267,2023,3.874189526825722e-08,0.00022735795870586076
2023-07-30,0.17339558725432047,0.22794419380664893,2023,0.36670763140193174,0.26093494354281377
2023-09-04,-0.10094787172778746,-0.11551838209885881,2023,1.184122579850344e-08,0.005694969625286204
2023-10-09,0.06082073165441567,0.07121607372062609,2023,9.31823503080853e-09,0.29022857907228866
2023-11-08,0.048033790847585654,0.047636167114627787,2023,6.863902803772026e-08,0.6287033297532665
2023-12-09,0.0018295463886970507,0.0018287560586192297,2023,2.7190077890593134e-08,0.8682497596795133
2024-01-27,0.04032787170595171,0.033726128958819844,2024,0.13329230845300394,0.0018366948204676051
2024-03-26,-0.0071908558512517,-0.00699748567071033,2024,0.13329217223330797,0.9849521085643573
2024-04-29,-0.11136124030005394,-0.12205042556680336,2024,0.001223286515317945,0.002919347699224271
2024-06-08,0.07713164585970837,0.08624823435053054,2024,0.49877671088218306,0.3589728678947394
2024-07-27,-0.01913629906489266,-0.06724739364576213,2024,0.05688831234544232,0.13423862265479194
2024-08-28,0.01107923837236001,-0.007808048483446026,2024,0.07881861577325476,7.783000412204367e-13
2024-10-01,-0.06721406750342063,-0.07626199738732849,2024,0.16877222335743952,3.650323115226236e-13
2024-11-02,0.19623934383475436,0.2157901137514201,2024,0.12109389672434084,0.9440913396629913
2024-12-03,0.13512048674259294,0.14012077377867466,2024,0.49999989870112516,0.999876695135753
2025-01-01,-0.031157876510523312,-0.041864809141784455,2025,1.3512203717036542e-08,0.0013366116454642417
2025-02-11,0.017464541939640543,0.04089799231717189,2025,0.5000000048696387,0.000501106840058853
