Variant,Asset,N,CC_TotalReturn,CC_Sharpe,BH_TotalReturn,BH_Sharpe,CC_TR_CI90_lo,CC_TR_CI90_hi,CC_Sharpe_CI90_lo,CC_Sharpe_CI90_hi
Mechanical_Monthly,Fameli,34,1.852907618308954,1.0448526299880927,0.3628525310295849,-0.19812376267707027,0.34091233407147237,4.447808901773884,-0.341417501229917,3.3881707685946862
Mechanical_Monthly,Fulad,35,2.8729369790647827,2.4985730984429155,0.24941496724763335,-0.3788420256034827,1.328918862673948,5.347479948586233,0.8440640865051093,4.908244264225782
Mechanical_Monthly,IranKhodro,34,1.6187191015498001,0.6217918328256371,0.3690083012906129,-0.1551781159952275,0.17628260492123085,4.750979086675362,-0.41712649719455863,2.246602230569316
Mechanical_Monthly,Khgostar,34,1.5845700668346843,0.4253141083792868,0.35484384002251734,-0.13088648742376546,-0.18253593758572603,6.8423853916935125,-0.5822468903156962,1.957924438248394
Mechanical_Monthly,Shapna,30,0.5384342180289916,-0.030587672844798613,-0.16437829771168233,-0.4809960230695149,-0.33835078988614026,2.5121841535117455,-0.8090644169745072,1.495683182341743
Mechanical_Monthly,VebMellat,32,2.1178816280925834,1.15823491329471,0.5841899052384318,-0.025524228796418098,0.5208669726903524,5.456440062609882,-0.08792832847574278,3.500710291953923
Optimized_Monthly,Fameli,34,8.136855361392703,2.8887740246169433,0.3628525310295849,-0.19812376267707027,2.4471176418135587,22.988308985052658,0.8852773399197397,7.1374362065870836
Optimized_Monthly,Fulad,35,15.244379505167533,5.665995720647554,0.24941496724763335,-0.3788420256034827,8.173656909273786,27.52450367080541,3.458950145569648,9.45096171900111
Optimized_Monthly,IranKhodro,34,9.79974321940127,3.568594941761035,0.3690083012906129,-0.1551781159952275,3.523864538476851,23.65109376410727,1.4508898855184886,7.792397294413546
Optimized_Monthly,Khgostar,34,2.637075344233284,0.7546417011430002,0.35484384002251734,-0.13088648742376546,0.13635169118089405,10.064823764642528,-0.3017252940565848,2.367534623195554
Optimized_Monthly,Shapna,30,0.09463156481140667,-0.32127457430371875,-0.16437829771168233,-0.4809960230695149,-0.6388467655316983,2.083448313221324,-1.0575127448073667,0.8239848608801883
Optimized_Monthly,VebMellat,32,2.231736939561388,0.9619874096486165,0.5841899052384318,-0.025524228796418098,0.08758724854898614,7.596473282241638,-0.46850145662749304,3.1664272783786886
