date,Fameli,Fulad,IranKhodro,Khgostar,Shapna,VebMellat
2022-06-19,0.15824000685646342,0.050000000000000044,0.3,0.0940492035518463,0.29999999999999993,0.09771078959169034
2022-08-17,0.07782625444245239,0.05,0.3,0.07286234025607362,0.3,0.19931140530147398
2022-09-20,0.07589275248980085,0.11849317211632628,0.3,0.05000000000000001,0.3,0.15561407539387279
2022-10-24,0.09760044204760619,0.1035035837999986,0.3,0.05,0.3,0.14889597415239528
2022-11-26,0.0981102164255931,0.173276228964762,0.16879579010124326,0.11623260806734236,0.3,0.14358515644105924
2022-12-28,0.09614419893850575,0.11451065728719706,0.21875654805966893,0.13937857875578075,0.3,0.13121001695884757
2023-01-31,0.05000000000000001,0.09970235484749959,0.3,0.08343928237142068,0.29068002684159033,0.17617833593948948
2023-04-10,0.04999999999999999,0.13825233543835064,0.29999999999999993,0.10542293132155649,0.29999999999999993,0.10632473324009285
2023-05-14,0.05000000000000001,0.05000000000000001,0.30000000000000004,0.25481351937007324,0.21017234146136152,0.13501413916856522
2023-06-25,0.05000000000000005,0.05000000000000002,0.25121222190379144,0.29999999999999993,0.24362755125958244,0.10516022683662618
2023-07-30,0.05000000000000002,0.05000000000000001,0.226648126781853,0.30000000000000004,0.3,0.07335187321814704
2023-09-04,0.05000000000000004,0.05,0.24057501842445786,0.3,0.28681256828866203,0.07261241328688012
2023-10-09,0.05,0.05,0.3,0.3,0.21678080303299616,0.08321919696700394
2023-11-08,0.05,0.05000000000000002,0.3,0.29999999999999993,0.24963831370846468,0.050361686291535424
2023-12-09,0.05,0.05,0.3,0.3,0.1995099819897109,0.10049001801028921
2024-01-27,0.05000000000000007,0.05000000000000003,0.2999999999999999,0.3,0.24999999999999997,0.05
2024-03-26,0.05000000000000001,0.05000000000000001,0.30000000000000004,0.30000000000000004,0.21426101052751476,0.08573898947248532
2024-04-29,0.04999999999999999,0.05000000000000014,0.29999999999999993,0.29999999999999993,0.158615054779638,0.14138494522036196
2024-06-08,0.05000000000000009,0.05,0.3,0.3,0.11188905655665715,0.1881109434433428
2024-07-27,0.05,0.05,0.3,0.3,0.20699111309211637,0.09300888690788367
2024-08-28,0.05,0.05,0.3,0.3,0.1816452700944685,0.1183547299055315
2024-10-01,0.04999999999999998,0.04999999999999998,0.29999999999999977,0.2999999999999999,0.19209497418314164,0.10790502581685879
2024-11-02,0.05000000000000011,0.05000000000000001,0.30000000000000004,0.30000000000000004,0.05707026722744566,0.24292973277255414
2024-12-03,0.05,0.050000000000000065,0.3,0.29999999999999993,0.20557743414580376,0.09442256585419635
2025-01-01,0.050000000000000044,0.05,0.27256318524430717,0.29999999999999993,0.050000000000000114,0.2774368147556927
2025-02-11,0.05000000000000008,0.05000000000000002,0.3,0.3,0.24999999999999983,0.05
