date,S0,K,premium,actual_price,weight,coverage,cc_ret,bh_ret,year
2022-06-19,3180.3888785394934,3816.466654247392,21.719282955412552,2956.160022354695,0.29999999999999993,0.5592209345464076,-0.0733082651880229,-0.08050359712230214,2022
2022-08-17,2718.2028688524592,3261.843442622951,5.143791764023419,2590.072093889717,0.3,0.6374765399420612,-0.054848724977934256,-0.05713804713804715,2022
2022-09-20,2553.4633010432194,3064.155961251863,0.9342090476717573,2786.8443554396426,0.3,0.5000000000023741,0.08176908282202244,0.08139784946236552,2022
2022-10-24,2786.8443554396426,3344.213226527571,2.4944283593088983,3198.693274962742,0.3,0.5466296308010788,0.1388034643498049,0.1377832512315269,2022
2022-11-26,3198.693274962742,3838.4319299552903,5.924070692714139,3505.291915052161,0.3,0.74474442237208,0.08866032103878016,0.08585121602288993,2022
2022-12-28,3724.944672131148,4469.933606557377,8.108854537726046,3203.2693740685545,0.3,0.6387957084472538,-0.14753498010392904,-0.15004914004914005,2022
2023-01-31,3253.606464232489,3904.327757078987,11.558162123250355,3843.9232488822654,0.2906799997930107,0.5000000000020268,0.17520603557292622,0.17143459915611814,2023
2023-04-10,4081.880402384501,4898.256482861401,30.285367241189647,4370.174646050671,0.29999999999999993,0.6503346390324432,0.0703893822297198,0.060627802690583106,2023
2023-05-14,4370.174646050671,3933.1571814456042,557.5090493299494,3894.2603390462,0.21017234146136152,0.5390601298474688,0.025060704934850547,-0.1189005235602094,2023
2023-06-25,4177.978483606557,5013.574180327869,15.819701266281243,2713.626769746647,0.24362755125958244,0.5486075309824967,-0.35715694384574126,-0.3604928806133625,2023
2023-07-30,2713.626769746647,3256.3521236959764,33.71542567713112,3702.0641766020867,0.3,0.5000000000007827,0.2855434371093398,0.35424957841483984,2023
2023-09-04,3930.8691318926976,4717.042958271237,53.071959114094284,3473.2592213114754,0.28681256828866203,0.5000000000011511,-0.11391677138881891,-0.12641443538998842,2023
2023-10-09,3473.2592213114754,3994.2481045081963,68.3923718507657,3935.44523099851,0.21678080303299616,0.512390621243529,0.14435238960307006,0.12306982872200269,2023
2023-11-08,3898.8364381520123,4678.603725782415,5.639959701823926,4017.81501490313,0.24963831370846468,0.642883253864246,0.02235069304559576,0.020516431924882512,2023
2023-12-09,4017.81501490313,4821.378017883756,1.5421663439568505,3807.3144560357678,0.1995099819897109,0.6867044564324577,-0.06189366552375359,-0.062391799544419084,2023
2024-01-27,3674.6075819672133,4409.529098360656,0.2511359420684123,4264.06762295082,0.24999999999999997,0.5000000000016629,0.1504860344306639,0.15041441918215304,2024
2024-03-26,4360.553278688525,5232.66393442623,6.786188824381043,4442.827868852459,0.21426101052751476,0.720308836101648,0.011066487071471698,0.00886792452830166,2024
2024-04-29,4442.827868852459,5331.393442622951,14.175558462250706,3896.8237704918033,0.158615054779638,0.7058149697404035,-0.12878244103343778,-0.13289562289562284,2024
2024-06-08,3896.8237704918033,4676.188524590164,9.7880926834315,4285.758196721312,0.11188905655665715,0.621762003196558,0.09299682447843649,0.0898080614203456,2024
2024-07-27,3415.891393442623,4099.069672131148,27.08469894658026,3148.872950819672,0.20699111309211637,0.5000000000010588,-0.08072164381072654,-0.0881694766805343,2024
2024-08-28,3148.872950819672,3778.647540983606,24.844688846106237,2983.5758196721313,0.1816452700944685,0.5000000000012295,-0.05498413789472274,-0.06249406175771965,2024
2024-10-01,2983.5758196721313,3580.2909836065573,24.021706896490002,2376.9877049180327,0.19209497418314164,0.705114413659333,-0.20333723169067583,-0.21330910002506898,2024
2024-11-02,2323.8831967213114,2788.6598360655735,0.7144464005080984,2908.032786885246,0.05707026722744566,0.6964665447819338,0.20604893647571323,0.24136787898294187,2024
2024-12-03,3078.565573770492,3694.27868852459,4.0270593243169515,3851.9467213114754,0.20557743414580376,0.719160574727911,0.20639319762398245,0.2412147716229347,2024
2025-01-01,3851.9467213114754,4622.336065573771,11.338718919084982,3534.06762295082,0.050000000000000114,0.5610317927125472,-0.08944381857058574,-0.09252427184466015,2025
2025-02-11,3801.0860655737706,4561.303278688524,8.238963832742854,3650.0,0.24999999999999983,0.6198792854787323,-0.04718795540809073,-0.049748130657221605,2025
