Combo,N,TotalReturn,Sharpe
"(0, 1, 2, 3)",13,0.10834407227636178,-0.25278814998238824
"(0, 1, 2, 4)",12,0.20387228655515455,0.011261072728027233
"(0, 1, 2, 5)",12,0.047371778517693475,-0.4129197618137961
"(0, 1, 2, 6)",12,0.01956966342529376,-0.5128569746418148
"(0, 1, 2, 7)",13,0.4752764228627884,0.6027996771491059
"(0, 1, 3, 4)",13,0.002041421987007519,-0.5879365762980605
"(0, 1, 3, 5)",13,-0.12822155803746216,-0.8955800830048886
"(0, 1, 3, 6)",13,-0.15136260983553285,-1.0083805823194643
"(0, 1, 3, 7)",14,0.22794427706232212,-0.019707812018665404
"(0, 1, 4, 5)",12,-0.053082943693284035,-0.8557181261192365
"(0, 1, 4, 6)",12,-0.0782185235536218,-1.0232850634839543
"(0, 1, 4, 7)",13,0.3337808371665367,0.31713448077019735
"(0, 1, 5, 6)",12,-0.19804790327642696,-1.357485864312204
"(0, 1, 5, 7)",13,0.1603925293216164,-0.1479908797380105
"(0, 1, 6, 7)",13,0.12959031819251865,-0.23773606070395542
"(0, 2, 3, 4)",13,0.08387385352190413,-0.35029279748375763
"(0, 2, 3, 5)",13,-0.05702714620962135,-0.6809734532778321
"(0, 2, 3, 6)",13,-0.08205802860287448,-0.7794202195732846
"(0, 2, 3, 7)",14,0.32822522730698545,0.19261010053212493
"(0, 2, 4, 5)",12,0.02424771697520245,-0.5599016376143985
"(0, 2, 4, 6)",12,-0.002940578045285469,-0.6942626972492358
"(0, 2, 4, 7)",13,0.4427050060133235,0.5980457286743316
"(0, 2, 5, 6)",12,-0.13255591002203104,-1.0553449974913127
"(0, 2, 5, 7)",13,0.2551568176291983,0.09093914550282237
"(0, 2, 6, 7)",13,0.22183912183246446,0.00895477851322181
"(0, 3, 4, 5)",13,-0.1474688384748717,-1.1195290251810908
"(0, 3, 4, 6)",13,-0.17009897799049223,-1.2854775009808452
"(0, 3, 4, 7)",14,0.20083350358537677,-0.0888968009351526
"(0, 3, 5, 6)",13,-0.27798411914358223,-1.5579709439720006
"(0, 3, 5, 7)",14,0.04472803004110659,-0.4479638991549514
"(0, 3, 6, 7)",14,0.016996092321182488,-0.536766999154467
"(0, 4, 5, 6)",12,-0.21575354516894651,-1.9404308131135828
"(0, 4, 5, 7)",13,0.1347731754189787,-0.2502504563132481
"(0, 4, 6, 7)",13,0.10465102101892709,-0.36430729427045305
"(0, 5, 6, 7)",13,-0.03895096062336867,-0.7620159685764494
"(1, 2, 3, 4)",13,0.4823009898169972,0.6665129318647397
"(1, 2, 3, 5)",13,0.2896054185661645,0.1677166121608638
"(1, 2, 3, 6)",13,0.25537329678654097,0.09057901853827828
"(1, 2, 3, 7)",14,0.8164748256816055,1.2094556084089123
"(1, 2, 4, 5)",12,0.4007565546090184,0.6158593518180417
"(1, 2, 4, 6)",12,0.3635739650582581,0.5307339181359717
"(1, 2, 4, 7)",13,0.9730368543153249,2.0619832935906963
"(1, 2, 5, 6)",12,0.18631262208897148,-0.040205638515112524
"(1, 2, 5, 7)",13,0.7165467984136717,1.2267669236316079
"(1, 2, 6, 7)",13,0.6709816680274698,1.1579275204046533
"(1, 3, 4, 5)",13,0.16591776844905093,-0.1461150990525611
"(1, 3, 4, 6)",13,0.13496889179269322,-0.2460902397376718
"(1, 3, 4, 7)",14,0.6422544793253884,0.9677018518610807
"(1, 3, 5, 6)",13,-0.012574340289286723,-0.635427452387727
"(1, 3, 5, 7)",14,0.42876533831637276,0.4265983813073906
"(1, 3, 6, 7)",14,0.3908392654636923,0.35579378915622495
"(1, 4, 5, 6)",12,0.07253191178953822,-0.4849286289377786
"(1, 4, 5, 7)",13,0.5519106727001937,0.9693481000540469
"(1, 4, 6, 7)",13,0.5107157503044444,0.8989483849059225
"(1, 5, 6, 7)",13,0.3143263283838089,0.26624756865871224
"(2, 3, 4, 5)",13,0.2611332793734713,0.11471966008620964
"(2, 3, 4, 6)",13,0.22765694050398344,0.026232411875153086
"(2, 3, 4, 7)",14,0.7763703694407713,1.2601027225159194
"(2, 3, 5, 6)",13,0.06806448453478753,-0.3956402579732414
"(2, 3, 5, 7)",14,0.5454464845861156,0.669938854574128
"(2, 3, 6, 7)",14,0.5044231517878839,0.6023082883321648
"(2, 4, 5, 6)",12,0.16012099974008276,-0.14225384735937072
"(2, 4, 5, 7)",13,0.678648571039949,1.3041348906682193
"(2, 4, 6, 7)",13,0.6340894357558238,1.2404534644137697
"(2, 5, 6, 7)",13,0.42166173081528124,0.5465067584244638
"(3, 4, 5, 6)",13,-0.03437490069401783,-0.8445863630717165
"(3, 4, 5, 7)",14,0.39722080151420225,0.40613472489409785
"(3, 4, 6, 7)",14,0.3601320672844439,0.3284941172851058
"(3, 5, 6, 7)",14,0.183318162765423,-0.13326894378170276
"(4, 5, 6, 7)",13,0.2853083965206107,0.22507953776575354
