date,S0,K,premium,actual_price,weight,coverage,cc_ret,bh_ret,expected_ret,year
2022-06-19,955.061550527574,859.5553954748166,112.83388390448829,645.2927002698675,0.09771078959169034,0.741885331272993,-0.1734424240844478,-0.33434438396833255,0.0015022699094974206,2022
2022-08-17,761.3083413656218,761.3083413656218,62.350019511292544,634.8961866075189,0.19931140530147398,0.7779010243305036,-0.052931444072673986,-0.1760459342023588,0.02516006782816338,2022
2022-09-20,635.1324710089359,673.2404192694721,35.11734693657306,593.3101319581243,0.15561407539387279,0.8629445517988985,0.018741258235951117,-0.07584821428571419,0.04804627919949906,2022
2022-10-24,593.3101319581243,711.9721583497492,0.25825344288943164,647.4192598826206,0.14889597415239528,0.8724358779668533,0.08196935987629655,0.08119872560732767,0.0266342444946883,2022
2022-11-26,655.9254983336332,787.1105980003598,0.1985006922016357,732.95421319558,0.14358515644105924,0.8560676435683563,0.10796741987869923,0.10743515850144082,0.01852011672691773,2022
2022-12-28,769.8145798166344,923.7774957799612,0.8439740139168528,714.5240298850529,0.13121001695884757,0.8203874371009097,-0.08013920233832318,-0.08182320441988954,0.03304588159899896,2022
2023-01-31,762.962332175541,915.5547986106491,4.234351371259606,1085.549153294614,0.17617832870096856,0.5135982422304757,0.3044900559937618,0.41280831898900705,0.05495076531483963,2023
2023-04-10,1093.82606765991,1181.3321530727028,35.63182400984243,1334.81161283411,0.10632473324009285,0.8633477122900338,0.14776852035656504,0.21031431897555275,0.03706824783857879,2023
2023-05-14,1334.81161283411,1601.773935400932,17.397865868943995,1734.96858811016,0.13501413916856522,0.5799604857251441,0.24825163055347577,0.2897853565466255,0.040386021263040604,2023
2023-06-25,1521.6788717736815,1582.546026644629,74.54416801036086,1460.2386997543676,0.10516022683662618,0.7224447909930434,0.020252440798768333,-0.05037656903765685,0.021693911474541437,2023
2023-07-30,1412.4872707238128,1468.9867615527653,65.69585822569206,1508.9451573655335,0.07335187321814704,0.8094305180288652,0.11340716034304606,0.05828938471940504,0.019720033113095246,2023
2023-09-04,1504.170014462478,1805.0040173549737,3.4184996469616635,1383.83641330548,0.07261241328688012,0.8116903134096525,-0.08655681467773822,-0.08999999999999996,0.018575504450189934,2023
2023-10-09,1383.83641330548,1660.603695966576,0.967327421791289,1479.975957086997,0.08321919696700394,0.9,0.0607369388483319,0.059473199907982506,0.038561032268763736,2023
2023-11-08,1487.9345285920895,1785.5214343105074,0.037627006561611775,1464.6954997972193,0.050361686291535424,0.8531570215292981,-0.02557678498793878,-0.025618314077877728,0.01390620401418143,2023
2023-12-09,1464.6954997972193,1757.6345997566632,0.03983128344098663,1585.6797900262468,0.10049001801028921,0.8328602209460078,0.07264605669328535,0.07260030173218747,0.021856922755506998,2023
2024-01-27,1573.5118110236222,1888.2141732283465,0.11343269391389033,1401.8792650918635,0.05,0.8045259405070978,-0.11896972308504346,-0.11907610907610909,0.012069910686379347,2024
2024-03-26,1562.6246719160106,1875.1496062992126,0.28177054206772567,1533.1653543307089,0.08573898947248532,0.8768816758380474,-0.028548548010527794,-0.028852459016393432,0.014746327230252534,2024
2024-04-29,1533.1653543307089,1839.7984251968505,1.5495074838422553,1370.498687664042,0.14138494522036196,0.8256396598200487,-0.11456413842185205,-0.11609857978279035,0.022142897504278322,2024
2024-06-08,1363.45406824147,1636.1448818897638,2.0685795140414314,1403.8005249343832,0.1881109434433428,0.8607656211896201,0.022166116285789426,0.019591357444809672,0.018564407091663855,2024
2024-07-27,1364.0944881889766,1227.685039370079,160.1464954069943,1291.0866141732286,0.09300888690788367,0.7643702937528568,0.08759373889576873,-0.06352112676056342,-0.0029254789652703424,2024
2024-08-28,1291.0866141732286,1549.3039370078743,0.7898161110478839,1417.2493438320212,0.1183547299055315,0.8676617847554565,0.08879893556357484,0.08771825396825396,0.01596745911473295,2024
2024-10-01,1417.2493438320212,1275.5244094488191,165.93335898893133,1310.9396325459318,0.10790502581685879,0.8629422675131864,0.10348786466100574,-0.08501129688206065,-0.0002927563251188658,2024
2024-11-02,1313.5013123359581,1576.2015748031497,0.40873888779679746,1658.6876640419948,0.24292973277255414,0.7650552320441326,0.20526240963323325,0.2527986348122866,0.04114814334503988,2024
2024-12-03,1754.750656167979,1579.2755905511813,207.59769246075643,2068.5564304461946,0.09442256585419635,0.8509719011496718,0.14115084706900424,0.16883211678832133,-0.0004902592317830839,2024
2025-01-01,2068.5564304461946,2482.2677165354335,4.605408969047787,2028.209973753281,0.2774368147556927,0.7063489341505653,-0.02647700140539975,-0.029504643962848347,0.019138846011443222,2025
2025-02-11,1973.1338582677167,2367.76062992126,3.6737599409627393,2164.0,0.05,0.743445723523896,0.08955283716957806,0.0867324851948217,0.026433611608248003,2025
