date,actual_price,chronos_pred,chronos_q10,chronos_q90
2023-04-24,4129.0,4093.41796875,3685.959228515625,4592.32568359375
2023-04-25,3981.0,4073.832763671875,3683.932373046875,4543.60546875
2023-04-26,3834.0,3794.543212890625,3421.509033203125,4229.037109375
2023-04-29,3651.0,3782.583984375,3403.953369140625,4222.88525390625
2023-04-30,3739.0,3961.9775390625,3590.80712890625,4400.111328125
2023-05-01,3722.0,3979.03955078125,3627.9697265625,4397.70751953125
2023-05-02,3757.0,4060.290771484375,3699.29296875,4493.814453125
2023-05-03,3664.0,4272.048828125,3846.1162109375,4819.64697265625
2023-05-06,3664.0,4649.236328125,4131.3310546875,5400.23876953125
2023-05-07,3747.0,4439.73779296875,3988.455810546875,5029.41845703125
2023-05-08,3752.0,4109.994140625,3710.4912109375,4578.73974609375
2023-05-09,3688.0,3876.072509765625,3460.3251953125,4350.0888671875
2023-05-10,3660.0,3560.201416015625,3102.688232421875,4050.84521484375
2023-05-13,3486.0,3306.3759765625,2815.41259765625,3813.328125
2023-05-14,3491.0,3612.72314453125,3191.853515625,4099.4375
2023-05-15,3502.0,3627.89697265625,3236.53369140625,4083.15673828125
2023-05-17,3425.0,3736.818359375,3338.115234375,4213.49609375
2023-05-20,3449.0,3604.41455078125,3227.59033203125,4044.5322265625
2023-05-21,3588.0,3598.04443359375,3242.3681640625,4014.958984375
2023-05-22,3624.0,3700.5380859375,3322.8154296875,4159.37060546875
2023-05-23,3376.0,3711.56982421875,3336.913330078125,4154.7060546875
2023-05-24,3364.0,3661.5390625,3303.427734375,4080.13525390625
2023-05-27,3398.0,3598.116943359375,3255.189697265625,3997.957275390625
2023-05-28,3351.0,3442.59765625,3076.765625,3868.61767578125
2023-05-29,3207.0,3466.65576171875,3113.74853515625,3886.684326171875
2023-05-30,3151.0,3513.623291015625,3184.57861328125,3904.412841796875
2023-05-31,3140.0,3433.095703125,3116.85205078125,3799.7744140625
2023-06-03,3186.0,3473.366943359375,3152.119873046875,3859.156494140625
2023-06-06,3088.0,3705.06005859375,3340.6904296875,4160.33203125
2023-06-07,3098.0,3767.251220703125,3394.091064453125,4232.849609375
2023-06-12,3164.0,3269.442138671875,2890.885986328125,3695.974853515625
2023-06-13,3087.0,3243.44775390625,2890.324462890625,3645.6982421875
2023-06-14,3073.0,3285.5830078125,2966.976806640625,3660.96875
2023-06-17,3028.0,3237.955078125,2913.161376953125,3625.05126953125
2023-06-18,3143.0,3057.43408203125,2703.95068359375,3460.09130859375
2023-06-19,3198.0,3016.05859375,2678.79296875,3404.51220703125
2023-06-20,3197.0,3027.28759765625,2710.635986328125,3406.4150390625
2023-06-21,3171.0,3120.437255859375,2797.626953125,3523.200439453125
2023-06-24,3159.0000000000005,3006.229736328125,2688.972900390625,3386.2548828125
2023-06-25,3105.0,3018.583740234375,2722.331787109375,3384.443359375
2023-06-26,3049.0,3138.9189453125,2829.70947265625,3527.407470703125
2023-06-27,2938.0,3013.11962890625,2722.92236328125,3376.59326171875
2023-06-28,2817.0,2995.626220703125,2700.169677734375,3366.7060546875
2023-07-01,2787.0,2947.830078125,2634.280517578125,3333.71533203125
2023-07-02,2671.0,3077.70849609375,2749.873046875,3492.724609375
2023-07-03,2546.0,3163.24560546875,2833.1357421875,3587.605712890625
2023-07-04,2622.0,3169.6357421875,2837.109619140625,3592.023681640625
2023-07-05,2524.0,3099.655517578125,2799.476318359375,3489.760986328125
2023-07-08,2560.0,3072.1171875,2792.137451171875,3435.417724609375
2023-07-09,2556.0,3035.651611328125,2755.579833984375,3396.099853515625
2023-07-10,2454.0,2983.447021484375,2691.21533203125,3343.009521484375
2023-07-11,2466.0,2864.8271484375,2562.223388671875,3215.87548828125
2023-07-12,2509.0,2734.660888671875,2408.356689453125,3104.392333984375
2023-07-15,2627.0,2729.806884765625,2399.15380859375,3119.2841796875
2023-07-16,2645.0,2610.754150390625,2255.7177734375,3015.05712890625
2023-07-17,2768.0,2435.43359375,2023.42578125,2871.83154296875
2023-07-18,2716.0,2593.7666015625,2241.5771484375,2994.553955078125
2023-07-25,2699.0,2449.26708984375,2137.346923828125,2808.81494140625
2023-07-26,2570.0,2522.07275390625,2213.013916015625,2890.05126953125
2023-07-29,2494.0,2514.9453125,2226.11572265625,2864.5048828125
2023-07-30,2569.0,2382.15869140625,2092.736328125,2712.019287109375
2023-07-31,2466.0,2411.90771484375,2128.42431640625,2756.161376953125
2023-08-01,2503.0,2483.86669921875,2180.352294921875,2852.548095703125
2023-08-05,2534.0,2725.07177734375,2366.5263671875,3218.65576171875
2023-08-06,2424.0,2756.282470703125,2432.42431640625,3205.64453125
2023-08-07,2475.0,2954.703857421875,2584.342529296875,3498.5869140625
2023-08-08,2596.0,2778.4404296875,2461.16259765625,3177.5234375
2023-08-09,2722.0,2749.146484375,2431.74609375,3127.22119140625
2023-08-12,2830.0,2556.1650390625,2255.093017578125,2889.752197265625
2023-08-13,2879.0,2491.467529296875,2190.96435546875,2825.499755859375
2023-08-14,2879.0,2616.533203125,2293.330078125,2983.64306640625
2023-08-15,2865.0,2504.60498046875,2189.956787109375,2855.80712890625
2023-08-20,2881.9999999999995,2534.23046875,2240.56787109375,2884.95361328125
2023-08-21,2936.0,2553.346923828125,2280.464599609375,2888.55029296875
2023-08-22,3047.0,2378.72998046875,2110.284423828125,2679.93701171875
2023-08-23,2943.0000000000005,2430.320556640625,2167.96337890625,2741.597412109375
2023-08-26,2932.0,2589.912841796875,2283.7939453125,2966.91552734375
2023-08-27,2971.0,2784.5009765625,2460.592529296875,3188.3388671875
2023-08-28,3030.0,2988.314453125,2646.821533203125,3488.18017578125
2023-08-29,3018.0,2984.058349609375,2640.80712890625,3424.85498046875
2023-08-30,3044.0,2969.506103515625,2647.5546875,3358.049560546875
2023-09-02,3037.0,2938.22021484375,2625.5966796875,3304.556640625
2023-09-03,3013.0,2950.828125,2633.8818359375,3322.40966796875
2023-09-04,3010.0,3000.37744140625,2667.732177734375,3395.74560546875
2023-09-05,2998.0,3168.148193359375,2796.541748046875,3605.62158203125
2023-09-09,2918.0,2979.08935546875,2631.763671875,3364.205078125
2023-09-10,2881.0,2920.74169921875,2593.87158203125,3282.66015625
2023-09-11,2855.0,2967.35888671875,2641.70849609375,3334.2373046875
2023-09-12,2826.0,3016.610107421875,2684.02490234375,3399.41552734375
2023-09-13,2765.0,3019.38037109375,2706.4130859375,3391.15380859375
2023-09-17,2784.0,3044.195556640625,2727.118896484375,3413.679443359375
2023-09-18,2825.0,3035.40869140625,2716.009765625,3412.71435546875
2023-09-19,2765.0,3021.877685546875,2714.11279296875,3385.213134765625
2023-09-20,2630.0,3038.727783203125,2739.737060546875,3392.07421875
2023-09-23,2623.0,3012.9765625,2718.8544921875,3360.99072265625
2023-09-25,2645.0,2918.664794921875,2612.373779296875,3267.33935546875
2023-09-26,2669.0,2838.04931640625,2542.59326171875,3173.122314453125
2023-09-27,2572.0,2801.045166015625,2512.154296875,3128.89697265625
2023-09-30,2566.0,2766.352783203125,2473.00830078125,3094.623779296875
2023-10-01,2659.0,2684.90673828125,2394.99560546875,3009.87353515625
2023-10-02,2677.0,2723.62646484375,2425.44873046875,3063.36279296875
2023-10-04,2599.0,2784.3701171875,2462.172119140625,3155.17333984375
2023-10-07,2644.0,2687.0908203125,2393.994384765625,3025.762451171875
2023-10-08,2645.0,2527.02392578125,2231.4443359375,2855.34619140625
2023-10-09,2554.0,2512.734130859375,2230.552001953125,2837.900390625
2023-10-10,2443.0,2544.56884765625,2264.01953125,2872.904541015625
2023-10-11,2446.0,2612.779052734375,2318.704345703125,2950.469970703125
2023-10-14,2326.0,2495.224609375,2215.42236328125,2822.30078125
2023-10-15,2326.0,2488.822265625,2207.31689453125,2813.5078125
2023-10-16,2425.0,2633.08203125,2333.43994140625,2983.40673828125
2023-10-17,2396.0,2688.883544921875,2399.150390625,3035.844970703125
2023-10-18,2319.0,2599.24169921875,2321.102294921875,2927.9169921875
2023-10-21,2427.0,2654.962646484375,2380.883056640625,2982.0322265625
2023-10-22,2464.0,2664.361328125,2399.2421875,2981.357666015625
2023-10-23,2501.0,2571.40087890625,2312.8857421875,2871.41796875
2023-10-24,2605.0,2436.311767578125,2171.539794921875,2736.16259765625
2023-10-25,2628.0,2427.082275390625,2165.764404296875,2726.90625
2023-10-28,2622.0,2305.0263671875,2008.748046875,2624.847900390625
2023-10-29,2626.0,2305.7412109375,2019.822998046875,2620.14306640625
2023-10-30,2660.0000000000005,2458.89697265625,2162.38037109375,2789.80810546875
2023-10-31,2622.0,2396.796875,2124.7021484375,2705.05224609375
2023-11-01,2592.0,2287.047119140625,2028.3173828125,2574.039306640625
2023-11-04,2611.0,2417.62841796875,2141.9423828125,2729.78955078125
2023-11-05,2638.0,2445.781982421875,2185.116455078125,2747.487548828125
2023-11-06,2594.0,2485.19873046875,2231.33544921875,2778.396484375
2023-11-07,2602.0,2628.3564453125,2365.897705078125,2940.088134765625
2023-11-08,2599.0,2655.19189453125,2395.662841796875,2964.0732421875
2023-11-11,2592.0,2619.2197265625,2359.892578125,2923.009033203125
2023-11-12,2583.0,2633.67138671875,2374.623291015625,2938.6005859375
2023-11-13,2567.0,2690.197265625,2425.943115234375,3006.673095703125
2023-11-14,2570.0,2623.884521484375,2382.46923828125,2911.92041015625
2023-11-15,2652.0,2575.276611328125,2330.35791015625,2867.952880859375
2023-11-18,2725.0000000000005,2579.043212890625,2340.028564453125,2865.282470703125
2023-11-19,2756.0,2625.888671875,2365.29296875,2937.08154296875
2023-11-20,2788.0,2563.784423828125,2316.404052734375,2852.7568359375
2023-11-21,2903.0,2571.90185546875,2323.763671875,2858.859375
2023-11-22,2877.0,2553.036865234375,2317.41845703125,2829.112060546875
2023-11-25,2812.0,2541.595947265625,2310.81640625,2813.62548828125
2023-11-26,2805.0,2540.701904296875,2304.43359375,2814.95166015625
2023-11-27,2814.0,2527.795654296875,2319.35498046875,2780.2392578125
2023-11-28,2813.0000000000005,2527.33984375,2324.31201171875,2777.684814453125
2023-11-29,2769.0,2632.2177734375,2391.442138671875,2931.731201171875
2023-12-02,2771.0,2755.414306640625,2485.47607421875,3103.867919921875
2023-12-03,2839.0,2793.54443359375,2526.28955078125,3124.34423828125
2023-12-04,2822.0,2799.044921875,2534.24267578125,3120.235107421875
2023-12-05,2812.0,2944.080810546875,2652.42724609375,3322.335205078125
2023-12-06,2821.0,2880.035888671875,2610.46630859375,3204.9638671875
2023-12-09,2792.0,2782.291015625,2518.193359375,3091.849609375
2023-12-10,2772.0,2763.50439453125,2504.25390625,3067.06494140625
2023-12-11,2736.0,2786.8935546875,2507.48681640625,3110.270751953125
2023-12-12,2724.0,2790.66162109375,2513.446044921875,3109.598876953125
2023-12-13,2748.0,2750.761474609375,2483.94921875,3052.987060546875
2023-12-16,2761.0,2760.26416015625,2500.477783203125,3064.50830078125
2023-12-18,2744.0,2839.4755859375,2568.68896484375,3163.4423828125
2023-12-19,2732.0,2818.30419921875,2556.376708984375,3126.83203125
2023-12-20,2755.0,2813.232666015625,2566.67138671875,3117.677490234375
2023-12-23,2851.0,2822.01611328125,2586.055908203125,3114.5439453125
2023-12-24,2864.0,2778.093017578125,2543.0068359375,3062.68115234375
2023-12-25,2829.0000000000005,2761.3251953125,2523.462890625,3046.824462890625
2023-12-26,2835.0,2764.91552734375,2530.422607421875,3048.5302734375
2023-12-27,2908.0,2769.3603515625,2532.8330078125,3054.440673828125
2023-12-30,2971.0,2826.98974609375,2583.330810546875,3125.15771484375
2023-12-31,2990.0,2890.85107421875,2636.833984375,3197.5478515625
2024-01-01,2930.0,2894.79541015625,2639.7451171875,3202.141845703125
2024-01-02,2874.0,2844.14892578125,2605.6396484375,3134.14794921875
2024-01-03,2887.0,2844.04443359375,2594.98193359375,3144.679931640625
2024-01-06,2822.0,2933.45166015625,2663.09765625,3260.26025390625
2024-01-07,2755.0,2903.31884765625,2641.903076171875,3215.366943359375
2024-01-08,2700.0,2860.900634765625,2606.315185546875,3164.193115234375
2024-01-09,2618.0,2848.43408203125,2609.8916015625,3128.216552734375
2024-01-10,2655.0,2895.314697265625,2646.447998046875,3183.211181640625
2024-01-13,2668.0,2983.2177734375,2726.30224609375,3294.390380859375
2024-01-14,2664.0,3004.5,2761.48828125,3295.15576171875
2024-01-15,2662.0,2920.991943359375,2696.666259765625,3185.46435546875
2024-01-16,2612.0,2842.670166015625,2616.71337890625,3107.751708984375
2024-01-17,2612.0,2863.17529296875,2640.654541015625,3125.7001953125
2024-01-20,2649.0,2797.21435546875,2575.822509765625,3058.373046875
2024-01-21,2623.0,2721.6875,2494.817626953125,2980.83203125
2024-01-22,2621.0,2663.82080078125,2442.313720703125,2912.482177734375
2024-01-23,2622.9999999999995,2539.539306640625,2303.853271484375,2795.105224609375
2024-01-24,2633.0,2611.9013671875,2388.13427734375,2867.3876953125
2024-01-27,2611.0,2651.79931640625,2417.857421875,2930.119140625
2024-01-28,2540.0,2623.3330078125,2396.2939453125,2896.297119140625
2024-01-29,2469.0,2627.312744140625,2401.75927734375,2901.048095703125
2024-01-30,2436.0,2560.66064453125,2340.8427734375,2820.77490234375
2024-01-31,2481.0,2550.876220703125,2336.632080078125,2802.331298828125
2024-02-03,2589.0,2592.5390625,2372.4140625,2848.84130859375
2024-02-04,2718.0,2581.884033203125,2365.459716796875,2839.90087890625
2024-02-18,2838.0,2540.9052734375,2351.62841796875,2777.489013671875
2024-02-19,2932.0,2544.11328125,2349.247802734375,2787.689453125
2024-02-20,2906.0,2546.9091796875,2346.7255859375,2796.30615234375
2024-02-21,2896.0,2542.662109375,2349.058837890625,2786.44384765625
2024-02-24,2972.0,2469.46728515625,2279.45068359375,2704.462158203125
2024-02-26,3091.0000000000005,2369.871826171875,2157.14599609375,2610.7958984375
2024-02-27,3175.0000000000005,2327.65966796875,2104.74462890625,2573.77490234375
2024-02-28,3148.0,2395.32763671875,2162.649658203125,2670.55810546875
2024-03-02,3108.0,2545.169921875,2296.607421875,2846.044677734375
2024-03-03,3179.0,2725.168701171875,2460.95654296875,3102.469482421875
2024-03-04,3229.0,2902.938232421875,2601.543701171875,3397.2412109375
2024-03-05,3326.9999999999995,3084.685791015625,2737.75390625,3704.27392578125
2024-03-06,3341.0,2941.9990234375,2660.671875,3318.2197265625
2024-03-09,3268.0000000000005,2924.1357421875,2649.04638671875,3254.10693359375
2024-03-10,3221.0,3102.649658203125,2782.421630859375,3508.724609375
2024-03-11,3178.0,3412.30419921875,2980.17919921875,4098.73828125
2024-03-12,3137.0,3532.796875,3076.1494140625,4227.78125
2024-03-13,3149.0,3310.6474609375,2938.093017578125,3778.107177734375
2024-03-16,3053.0,3155.443359375,2841.068603515625,3524.96875
2024-03-17,3041.0,3256.91943359375,2922.818359375,3660.8017578125
2024-03-18,3086.0,3362.543212890625,3013.327880859375,3797.24658203125
2024-03-24,3106.0,3521.767822265625,3142.916015625,4035.219970703125
2024-03-25,2957.0,3420.28955078125,3097.351806640625,3812.3544921875
2024-03-26,2946.0,3288.892333984375,2975.50732421875,3653.08056640625
2024-03-27,2975.0,3211.66357421875,2914.71044921875,3550.9111328125
2024-03-30,2947.0,3145.919677734375,2850.621826171875,3476.04541015625
2024-04-02,2966.0,3102.0087890625,2795.90380859375,3439.396728515625
2024-04-03,3155.0,3154.017333984375,2849.17431640625,3492.24755859375
2024-04-06,3165.9999999999995,3020.467529296875,2734.212890625,3332.939453125
2024-04-07,3147.0,3025.934326171875,2750.69287109375,3332.378662109375
2024-04-08,3148.0,3088.11279296875,2809.320068359375,3401.14111328125
2024-04-09,3148.0,3121.9384765625,2830.748291015625,3454.696044921875
2024-04-13,3150.0,2933.495849609375,2648.5029296875,3240.07373046875
2024-04-14,3104.0,2927.202880859375,2644.310791015625,3235.217529296875
2024-04-15,3157.9999999999995,2947.804443359375,2685.1689453125,3244.451416015625
2024-04-16,3108.0,2914.431884765625,2649.043212890625,3211.994140625
2024-04-17,3121.0,2933.80517578125,2673.76025390625,3234.54736328125
2024-04-20,3126.0,3181.6591796875,2862.214111328125,3594.898681640625
2024-04-21,3095.0,3204.4013671875,2903.596435546875,3571.785888671875
2024-04-22,3077.0,3189.80322265625,2896.45361328125,3540.96630859375
2024-04-23,3023.0,3202.55810546875,2933.106201171875,3526.70849609375
2024-04-24,2974.0,3203.69091796875,2938.513916015625,3518.736328125
2024-04-27,2945.0,3185.9970703125,2915.26953125,3503.732421875
2024-04-28,2838.0,3126.5078125,2856.015380859375,3436.550048828125
2024-04-29,2865.0,3186.123779296875,2912.1923828125,3508.27294921875
2024-04-30,2831.0,3119.2138671875,2855.660888671875,3429.349609375
2024-05-01,2871.0,3140.61376953125,2875.93212890625,3447.20947265625
2024-05-05,2739.0,3149.56982421875,2888.032470703125,3462.33740234375
2024-05-06,2781.0,3117.287109375,2857.733154296875,3427.82958984375
2024-05-07,2748.0,3083.9560546875,2821.0751953125,3396.587158203125
2024-05-08,2716.0,3006.783447265625,2747.7119140625,3308.596435546875
2024-05-11,2664.0,2942.240234375,2687.7041015625,3237.58447265625
2024-05-12,2713.0,2923.33935546875,2686.233642578125,3211.4775390625
2024-05-13,2766.0,2803.123779296875,2529.447021484375,3115.98486328125
2024-05-14,2817.0,2859.075927734375,2589.48583984375,3171.860107421875
2024-05-15,2821.0,2840.533203125,2569.890869140625,3163.059326171875
2024-05-18,2876.0000000000005,2904.27490234375,2643.59130859375,3215.68994140625
2024-05-19,2822.0,2743.4013671875,2477.875,3041.49267578125
2024-05-21,2829.0,2829.294921875,2558.305908203125,3141.640625
2024-05-25,2885.0000000000005,2807.189453125,2542.988525390625,3106.3017578125
2024-05-26,2904.0,2773.083251953125,2514.212890625,3066.9609375
2024-05-27,2883.0000000000005,2720.2685546875,2464.9267578125,3006.9658203125
2024-05-28,2862.0,2799.4765625,2532.23779296875,3115.06787109375
2024-05-29,2805.0,2926.2998046875,2638.153564453125,3289.92724609375
2024-06-01,2750.0,2977.881103515625,2679.27001953125,3367.064697265625
2024-06-02,2770.0,2894.12744140625,2634.17822265625,3215.301513671875
2024-06-05,2744.0,2917.326171875,2657.5712890625,3239.706298828125
2024-06-08,2736.0,2840.934814453125,2601.131103515625,3136.463134765625
2024-06-09,2774.0,2824.021728515625,2574.99072265625,3125.5302734375
2024-06-10,2828.0,2861.22607421875,2613.0654296875,3158.960205078125
2024-06-11,2808.0,2888.189453125,2636.901611328125,3191.004638671875
2024-06-12,2698.0,2860.13671875,2622.98974609375,3136.154052734375
2024-06-15,2710.0,2809.9091796875,2583.40869140625,3072.3408203125
2024-06-16,2780.0,2752.53759765625,2525.02978515625,3015.417236328125
2024-06-18,2779.0000000000005,2686.199951171875,2454.93212890625,2949.2919921875
2024-06-19,2945.0,2738.7177734375,2508.470703125,3008.166748046875
2024-06-22,3067.0,2715.7099609375,2491.802734375,2980.328125
2024-06-23,3030.0,2700.18408203125,2486.150146484375,2958.76025390625
2024-06-24,2952.0,2749.00390625,2527.7373046875,3030.673583984375
2024-06-26,2879.0,2852.0830078125,2601.56884765625,3201.40966796875
2024-06-29,2811.0,2807.80419921875,2571.06689453125,3120.529296875
2024-06-30,2827.0,2653.252197265625,2416.967529296875,2928.170166015625
2024-07-01,2821.0,2670.85107421875,2445.05322265625,2941.044921875
2024-07-02,2762.0,2754.10498046875,2527.134765625,3040.26220703125
2024-07-03,2768.0,2731.498046875,2498.89990234375,3019.7548828125
2024-07-06,2755.0,2935.61328125,2669.951171875,3305.619140625
2024-07-07,2745.0,3137.3515625,2803.044677734375,3701.23876953125
2024-07-08,2709.0,3048.94287109375,2761.97607421875,3450.82958984375
2024-07-09,2661.0,2950.72265625,2685.069580078125,3272.3662109375
2024-07-10,2520.0,2854.927001953125,2584.1953125,3169.800048828125
2024-07-13,2373.0,2771.69482421875,2491.2294921875,3090.82861328125
2024-07-14,2354.0,2786.586181640625,2510.607421875,3104.3798828125
2024-07-17,2331.0,2774.67236328125,2504.51416015625,3089.1201171875
2024-07-22,2308.0,2727.62744140625,2441.000732421875,3084.904296875
2024-07-23,2321.0,2761.4140625,2468.968994140625,3141.35693359375
2024-07-24,2307.0,2748.974365234375,2471.231201171875,3120.349609375
2024-07-27,2288.0,2719.988525390625,2458.643798828125,3049.550048828125
2024-07-29,2269.0,2686.801025390625,2447.375244140625,2994.869140625
2024-07-30,2289.0,2628.754638671875,2373.927734375,2948.7451171875
2024-07-31,2314.0,2474.947998046875,2190.091796875,2787.114013671875
2024-08-03,2347.0,2342.81982421875,2014.61328125,2687.810791015625
2024-08-04,2375.9999999999995,2367.28515625,2061.68701171875,2690.70263671875
2024-08-05,2343.9999999999995,2356.710205078125,2072.901123046875,2657.0107421875
2024-08-06,2363.0,2345.2275390625,2069.075927734375,2641.24267578125
2024-08-10,2402.0,2377.692626953125,2115.893798828125,2667.772705078125
2024-08-11,2409.0,2372.025390625,2115.6416015625,2656.37841796875
2024-08-12,2419.0,2363.09375,2109.08447265625,2648.106689453125
2024-08-13,2452.0,2351.972412109375,2093.60302734375,2648.39306640625
2024-08-14,2498.0,2367.1630859375,2111.3212890625,2675.5673828125
2024-08-17,2493.0,2369.39111328125,2121.65771484375,2673.708984375
2024-08-18,2455.0,2396.482666015625,2155.15283203125,2705.54296875
2024-08-19,2480.0,2376.328125,2143.498291015625,2682.4296875
2024-08-20,2448.0,2327.499267578125,2112.089111328125,2595.8857421875
2024-08-21,2518.0,2343.65380859375,2139.7353515625,2599.8984375
2024-08-24,2534.9999999999995,2356.8388671875,2150.91748046875,2609.645263671875
2024-08-26,2561.0,2362.49951171875,2151.84912109375,2624.64794921875
2024-08-27,2527.0,2369.82177734375,2161.648193359375,2621.4013671875
2024-08-28,2468.0,2404.17919921875,2196.46435546875,2653.919677734375
2024-08-31,2483.0,2479.607666015625,2246.93701171875,2765.883056640625
2024-09-01,2552.0,2464.030029296875,2244.223876953125,2736.92041015625
2024-09-03,2582.0,2414.358154296875,2207.268798828125,2664.048828125
2024-09-07,2549.0,2457.36181640625,2249.246826171875,2714.27880859375
2024-09-08,2610.0,2436.76611328125,2223.1669921875,2691.93212890625
2024-09-09,2672.0,2529.844970703125,2283.9091796875,2854.890380859375
2024-09-10,2633.0,2571.912109375,2329.20703125,2907.279296875
2024-09-11,2631.9999999999995,2615.93115234375,2375.755615234375,2955.164794921875
2024-09-14,2608.0000000000005,2551.84716796875,2329.2431640625,2828.404052734375
2024-09-15,2585.0,2440.959228515625,2205.21923828125,2708.841796875
2024-09-16,2583.9999999999995,2454.270263671875,2239.53173828125,2705.482666015625
2024-09-17,2581.0000000000005,2526.216796875,2309.91552734375,2798.00927734375
2024-09-18,2580.0,2564.901123046875,2345.687255859375,2836.7958984375
2024-09-22,2580.0,2539.729248046875,2334.177734375,2793.69287109375
2024-09-23,2574.0,2597.470458984375,2379.50390625,2874.40966796875
2024-09-24,2550.0,2691.20751953125,2432.110107421875,3046.3505859375
2024-09-25,2526.0,2633.2177734375,2388.115234375,2931.5810546875
2024-09-28,2547.0,2611.3291015625,2377.03125,2899.25390625
2024-09-29,2507.0,2551.71142578125,2326.669921875,2823.66845703125
2024-09-30,2440.0,2504.64111328125,2281.80126953125,2769.95849609375
2024-10-01,2379.0,2506.25830078125,2282.0751953125,2768.04443359375
2024-10-02,2318.0,2507.58984375,2272.06396484375,2784.646728515625
2024-10-05,2252.0,2517.093505859375,2275.84130859375,2815.72998046875
2024-10-06,2219.0,2526.0185546875,2288.41650390625,2810.640625
2024-10-07,2159.0,2532.595458984375,2312.03662109375,2802.040283203125
2024-10-08,2102.0,2511.09619140625,2303.937744140625,2761.856689453125
2024-10-09,2047.0,2474.02197265625,2280.651123046875,2715.071533203125
2024-10-12,2084.0,2472.232421875,2283.95849609375,2716.113037109375
2024-10-13,2146.0,2433.080322265625,2236.548095703125,2680.726318359375
2024-10-14,2208.0,2373.8408203125,2179.2890625,2615.77294921875
2024-10-15,2161.0,2313.1259765625,2108.50634765625,2544.80859375
2024-10-16,2188.0,2245.097900390625,2029.29638671875,2474.16650390625
2024-10-19,2252.0,2189.138671875,1963.8330078125,2430.802734375
2024-10-20,2218.0,2207.521240234375,1988.14599609375,2451.0732421875
2024-10-21,2182.0,2160.4755859375,1927.928955078125,2411.46142578125
2024-10-22,2246.0,2111.733642578125,1877.44140625,2362.857421875
2024-10-23,2248.0,2065.177001953125,1843.9444580078125,2307.4013671875
2024-10-26,2305.0,2166.361083984375,1937.981201171875,2418.99072265625
2024-10-27,2357.0,2292.91357421875,2061.333740234375,2563.302978515625
2024-10-28,2427.0,2386.795166015625,2157.67578125,2673.130859375
2024-10-29,2495.0,2250.605712890625,2044.69677734375,2486.121826171875
2024-10-30,2565.0,2238.5126953125,2029.773193359375,2478.27197265625
2024-11-02,2641.0,2310.822509765625,2101.769775390625,2568.5087890625
2024-11-03,2719.0,2202.37744140625,2011.980712890625,2420.9833984375
2024-11-04,2896.0,2136.00927734375,1939.06298828125,2352.086181640625
2024-11-05,2920.0,2222.78369140625,2038.482666015625,2435.984619140625
2024-11-06,2977.0,2211.4375,2024.59521484375,2418.341796875
2024-11-09,3060.0,2285.991455078125,2103.67578125,2497.958984375
2024-11-10,3150.0,2370.573974609375,2179.152099609375,2597.289794921875
2024-11-11,3218.0,2448.50244140625,2251.686767578125,2697.666259765625
2024-11-12,3298.0,2554.4794921875,2335.32080078125,2842.63427734375
2024-11-13,3319.0,2691.7802734375,2430.83837890625,3074.697509765625
2024-11-16,3336.0,2914.203125,2573.1552734375,3485.8466796875
2024-11-17,3436.0,2928.767333984375,2600.978759765625,3446.943115234375
2024-11-19,3522.0,3165.5048828125,2748.116943359375,3836.48388671875
2024-11-20,3553.0,3142.127197265625,2770.7587890625,3698.98095703125
2024-11-23,3454.0,3166.2392578125,2791.52099609375,3684.68603515625
2024-11-24,3364.0000000000005,3473.617919921875,3022.443359375,4134.8193359375
2024-11-25,3463.0,3678.0400390625,3179.319580078125,4387.80224609375
2024-11-26,3401.0,3504.7626953125,3041.39599609375,4139.45654296875
2024-11-27,3455.0,3684.295654296875,3153.8896484375,4401.39599609375
2024-11-30,3557.0000000000005,3551.812255859375,3068.71435546875,4174.16845703125
2024-12-01,3564.0,3518.637451171875,3052.95654296875,4067.91796875
2024-12-02,3483.0000000000005,3817.605224609375,3261.455078125,4533.07177734375
2024-12-03,3387.0,4124.3388671875,3475.91015625,4992.5458984375
2024-12-04,3360.0,3948.8515625,3345.601806640625,4688.36181640625
2024-12-07,3460.0,3456.850341796875,2970.1259765625,3997.56201171875
2024-12-08,3480.0000000000005,3216.0009765625,2761.481689453125,3724.6357421875
2024-12-09,3569.0,3449.600830078125,3000.05078125,3973.69921875
2024-12-10,3674.0,3305.155029296875,2901.677001953125,3752.85107421875
2024-12-11,3768.0,3405.553955078125,2993.0947265625,3868.814208984375
2024-12-14,3823.0,3592.214599609375,3160.843994140625,4142.72216796875
2024-12-15,3749.000000000001,3608.4638671875,3186.144287109375,4102.22509765625
2024-12-16,3684.0,3483.372802734375,3085.496826171875,3935.7734375
2024-12-17,3591.0000000000005,3280.8251953125,2899.94189453125,3697.640625
2024-12-18,3619.0,3259.33837890625,2868.506103515625,3680.142578125
2024-12-21,3707.0,3416.45947265625,2992.17724609375,3887.6025390625
2024-12-22,3748.0,3503.083251953125,3113.58447265625,3934.00830078125
2024-12-23,3733.0,3662.365234375,3246.246826171875,4143.39306640625
2024-12-24,3790.000000000001,3865.385986328125,3408.97998046875,4436.47998046875
2024-12-25,3752.0,4052.611328125,3555.068603515625,4697.72119140625
2024-12-28,3643.0,4140.55517578125,3671.626953125,4718.4755859375
2024-12-29,3645.0,3956.76708984375,3547.70556640625,4426.4765625
2024-12-30,3619.0,3808.024169921875,3420.45361328125,4238.18701171875
2024-12-31,3532.0,3650.9619140625,3276.749755859375,4061.022216796875
2025-01-01,3469.0,3656.989013671875,3287.114990234375,4061.59130859375
2025-01-04,3453.0,3753.66162109375,3359.755859375,4193.4677734375
2025-01-05,3427.0,3806.736572265625,3427.201171875,4243.13818359375
2025-01-06,3479.0,3759.605712890625,3408.304443359375,4161.16064453125
2025-01-07,3424.0,3851.35986328125,3497.892333984375,4256.16748046875
2025-01-11,3513.0,3714.62158203125,3383.9521484375,4084.0517578125
2025-01-12,3488.0,3526.28125,3163.88330078125,3910.1279296875
2025-01-13,3447.0,3530.395263671875,3210.030517578125,3881.437744140625
2025-01-15,3367.0,3493.111083984375,3191.421875,3821.01220703125
2025-01-18,3387.0,3396.431884765625,3089.5390625,3731.02001953125
2025-01-19,3415.0,3319.595458984375,3005.470458984375,3661.405029296875
2025-01-20,3515.0,3325.076171875,3028.104736328125,3649.263671875
2025-01-21,3481.0000000000005,3373.30029296875,3085.98876953125,3689.655517578125
2025-01-22,3377.0,3479.8681640625,3174.221923828125,3822.4638671875
2025-01-25,3278.0,3402.96484375,3115.53125,3727.9150390625
2025-01-26,3362.0,3513.072265625,3211.18603515625,3861.57958984375
2025-01-27,3358.0,3476.767333984375,3199.5244140625,3792.0283203125
2025-01-29,3366.0,3433.57470703125,3166.670654296875,3735.771728515625
2025-02-01,3298.0,3349.025146484375,3087.265380859375,3640.47509765625
2025-02-02,3396.0000000000005,3358.54638671875,3110.852294921875,3631.862060546875
2025-02-03,3470.0,3381.326904296875,3129.55078125,3659.88037109375
2025-02-09,3574.0,3528.21728515625,3260.589111328125,3831.70654296875
2025-02-11,3681.0,3481.813720703125,3242.4111328125,3745.716552734375
2025-02-15,3780.0,3342.77392578125,3092.82470703125,3618.661376953125
2025-02-16,3887.000000000001,3188.93310546875,2927.48388671875,3480.803955078125
2025-02-17,3780.0,3257.38232421875,3002.72265625,3540.5986328125
2025-02-18,3875.0,3270.14599609375,3019.352294921875,3551.762939453125
2025-02-19,3959.0,3293.863525390625,3036.195068359375,3582.97607421875
2025-02-22,4023.000000000001,3226.3671875,2978.54052734375,3510.544921875
2025-02-23,3974.000000000001,3342.9150390625,3074.1884765625,3656.46923828125
2025-02-24,4080.0,3462.30322265625,3176.23779296875,3804.494140625
2025-02-25,3982.0,3648.8544921875,3322.421142578125,4054.708251953125
2025-02-26,3864.0,3783.376953125,3435.3359375,4231.82568359375
2025-03-01,3914.0,3896.72412109375,3509.101318359375,4422.70361328125
2025-03-02,3868.0,3961.46044921875,3556.95361328125,4494.623046875
