date,actual_price,chronos_lora_pred,chronos_lora_q10,chronos_lora_q90
2023-05-31,4990.0,5782.8154296875,5069.8359375,6631.8837890625
2023-06-03,4890.0,5987.7861328125,5254.1923828125,6891.2373046875
2023-06-06,4807.0,6534.56640625,5656.390625,7667.3935546875
2023-06-07,5012.0,6400.31103515625,5597.1611328125,7406.60986328125
2023-06-10,4943.0,5709.92724609375,4927.62451171875,6618.23046875
2023-06-11,4987.0,5372.42333984375,4618.34521484375,6210.0556640625
2023-06-12,4937.0,5234.61083984375,4518.5078125,6047.125
2023-06-13,5133.0,5250.45751953125,4571.7529296875,6023.29736328125
2023-06-14,5217.0,5273.13916015625,4629.314453125,6014.85498046875
2023-06-17,5210.0,5145.5244140625,4518.85986328125,5864.23388671875
2023-06-18,5159.0,4797.97705078125,4155.85888671875,5510.6455078125
2023-06-19,5150.0,4693.1806640625,4082.69873046875,5368.65234375
2023-06-25,5030.0,4702.349609375,4127.32177734375,5351.611328125
2023-06-26,4840.0,5069.6728515625,4432.84765625,5809.5703125
2023-06-27,4620.0,4824.15478515625,4248.29541015625,5488.17529296875
2023-06-28,4450.0,4879.6943359375,4270.767578125,5583.9033203125
2023-07-01,4451.0,4787.2294921875,4195.759765625,5468.9609375
2023-07-02,4217.0,5174.705078125,4515.4951171875,5970.39013671875
2023-07-03,3985.000000000001,5254.2294921875,4609.7587890625,6027.74609375
2023-07-04,4240.0,5297.39892578125,4650.67529296875,6076.34912109375
2023-07-05,4343.0,5201.1240234375,4614.955078125,5899.15478515625
2023-07-08,4071.0,5168.97509765625,4599.51318359375,5840.70849609375
2023-07-09,4085.0,5017.72314453125,4446.9111328125,5673.40625
2023-07-10,4192.0,4771.4189453125,4173.5703125,5432.8349609375
2023-07-11,4253.0,4546.20556640625,3959.03759765625,5180.06396484375
2023-07-12,4269.0,4378.501953125,3791.808349609375,5009.0009765625
2023-07-15,4209.0,4550.79736328125,3925.46533203125,5238.646484375
2023-07-16,3945.0,4165.79296875,3592.92724609375,4778.36962890625
2023-07-17,4025.000000000001,3916.72607421875,3350.3896484375,4516.619140625
2023-07-18,4150.0,4377.03515625,3714.73681640625,5097.93798828125
2023-07-19,4404.0,4441.744140625,3826.656005859375,5133.2060546875
2023-07-22,4431.0,4066.76513671875,3475.175537109375,4693.75
2023-07-23,4728.0,4241.66796875,3602.01220703125,4935.08349609375
2023-07-24,4711.0,4365.8740234375,3705.028076171875,5105.8017578125
2023-07-25,4664.0,4420.0537109375,3779.2998046875,5142.02490234375
2023-07-26,4367.0,4488.923828125,3838.2939453125,5224.46484375
2023-07-29,4252.0,4322.8359375,3732.0771484375,4980.73486328125
2023-07-30,4424.0,3901.0166015625,3342.208984375,4491.32421875
2023-07-31,4272.0,4109.60595703125,3521.392822265625,4762.85498046875
2023-08-01,4414.0,4312.888671875,3702.830810546875,5035.0009765625
2023-08-05,4294.0,4715.7880859375,4035.005859375,5575.26513671875
2023-08-06,4308.0,4574.11279296875,3944.63232421875,5313.654296875
2023-08-07,4334.0,5029.9140625,4302.58837890625,5960.279296875
2023-08-08,4100.0,4890.3935546875,4234.2880859375,5688.24853515625
2023-08-09,4281.0,4779.55078125,4134.4814453125,5522.49658203125
2023-08-12,4570.0,4328.962890625,3678.936279296875,5009.80810546875
2023-08-13,4836.0,4232.8955078125,3630.777587890625,4880.654296875
2023-08-14,4959.0,4641.310546875,3948.15576171875,5425.04833984375
2023-08-15,5118.0,4387.34716796875,3740.33837890625,5094.3642578125
2023-08-16,5125.0,4690.88330078125,4017.90478515625,5477.0751953125
2023-08-19,5070.0,4354.07373046875,3773.58251953125,4987.96240234375
2023-08-20,5030.0,4366.7041015625,3785.22802734375,5004.08447265625
2023-08-21,5120.0,4344.18701171875,3818.850830078125,4919.51416015625
2023-08-22,5250.0,3975.92333984375,3477.92724609375,4495.14990234375
2023-08-23,4960.0,4301.91943359375,3746.85205078125,4926.2158203125
2023-08-26,4930.0,4728.3271484375,4080.2841796875,5527.27880859375
2023-08-27,4960.0,5062.46826171875,4372.5791015625,5956.6162109375
2023-08-28,5060.0,5123.353515625,4459.19384765625,5962.65478515625
2023-08-29,5000.0,5257.87890625,4560.0908203125,6106.57470703125
2023-08-30,5070.0,5184.58447265625,4535.96240234375,5952.61962890625
2023-09-02,5030.0,5054.68505859375,4422.83056640625,5765.865234375
2023-09-03,4920.0,5033.52001953125,4395.86083984375,5737.17529296875
2023-09-04,4910.0,5143.17138671875,4510.4169921875,5875.6015625
2023-09-05,4969.0,5335.9189453125,4636.794921875,6144.0107421875
2023-09-09,4876.0,4869.490234375,4213.708984375,5576.22412109375
2023-09-10,4871.0,4807.71044921875,4182.6328125,5487.63671875
2023-09-11,4871.0,4855.4326171875,4270.25390625,5505.40478515625
2023-09-12,4798.0,5076.3671875,4452.9296875,5783.85302734375
2023-09-13,4667.0,4983.8505859375,4418.15869140625,5624.751953125
2023-09-17,4667.0,5060.5537109375,4502.59423828125,5703.3759765625
2023-09-18,4747.0,4969.81201171875,4415.87060546875,5602.5849609375
2023-09-19,4588.0,4836.1337890625,4273.6513671875,5468.8134765625
2023-09-20,4279.0,4885.576171875,4335.48828125,5509.83935546875
2023-09-23,4254.0,5017.21484375,4447.69482421875,5675.208984375
2023-09-25,4322.0,4876.5205078125,4309.2568359375,5519.4365234375
2023-09-26,4354.0,4849.74267578125,4311.05859375,5457.87158203125
2023-09-27,4167.0,4920.0703125,4368.8212890625,5544.2119140625
2023-09-30,4171.0,4843.66552734375,4292.03271484375,5448.77880859375
2023-10-01,4377.0,4653.62451171875,4104.3779296875,5246.5234375
2023-10-02,4410.0,4699.169921875,4125.419921875,5328.3115234375
2023-10-04,4236.0,4901.853515625,4293.31884765625,5584.7236328125
2023-10-07,4371.0,4607.31689453125,4059.571533203125,5211.677734375
2023-10-08,4368.0,4222.73291015625,3648.4384765625,4814.0947265625
2023-10-09,4211.0,4240.89208984375,3662.67431640625,4847.29931640625
2023-10-10,4052.0,4361.68359375,3790.210205078125,4976.04296875
2023-10-11,4073.0,4472.0576171875,3897.89453125,5101.60205078125
2023-10-14,3795.0,4235.119140625,3692.370361328125,4824.6845703125
2023-10-15,3821.0,4245.75927734375,3685.88671875,4868.8876953125
2023-10-16,3960.0,4499.32666015625,3900.08447265625,5202.412109375
2023-10-17,3941.0,4534.576171875,3951.94287109375,5214.01513671875
2023-10-18,3792.0,4249.337890625,3710.822021484375,4862.3076171875
2023-10-21,4047.0,4431.6015625,3883.896484375,5069.3837890625
2023-10-22,4114.0,4391.2041015625,3837.25390625,5029.5830078125
2023-10-23,4206.0,4189.52734375,3643.171630859375,4787.787109375
2023-10-24,4419.0,3940.421875,3420.33056640625,4503.4267578125
2023-10-25,4395.0,3965.495849609375,3438.290771484375,4552.2734375
2023-10-28,4366.0,3611.392822265625,3052.12939453125,4199.873046875
2023-10-29,4398.0,3682.42138671875,3174.81201171875,4233.072265625
2023-10-30,4481.0,3953.693359375,3394.3212890625,4570.671875
2023-10-31,4375.0,3811.8291015625,3272.68994140625,4403.9765625
2023-11-01,4351.0,3614.55078125,3124.09619140625,4137.46875
2023-11-04,4341.0,3968.770751953125,3419.12353515625,4576.6611328125
2023-11-05,4396.0,4011.84326171875,3487.54150390625,4590.6123046875
2023-11-06,4292.0,4100.9580078125,3573.126953125,4703.669921875
2023-11-07,4312.0,4378.85888671875,3827.6015625,5037.6513671875
2023-11-08,4328.0,4330.9375,3793.2431640625,4944.8095703125
2023-11-11,4316.0,4309.01806640625,3766.924560546875,4922.35986328125
2023-11-12,4314.0,4362.71337890625,3834.50537109375,4964.716796875
2023-11-13,4282.0,4537.85009765625,3978.52880859375,5205.8701171875
2023-11-14,4286.0,4370.93994140625,3839.29443359375,4967.28955078125
2023-11-15,4504.0,4300.314453125,3794.52587890625,4874.8701171875
2023-11-18,4689.0,4255.59814453125,3748.46484375,4825.80517578125
2023-11-19,4730.0,4416.68310546875,3853.77294921875,5070.1611328125
2023-11-20,4788.0,4228.21044921875,3718.072265625,4801.02587890625
2023-11-21,4973.0,4263.19775390625,3751.94482421875,4829.984375
2023-11-22,4857.0,4289.9931640625,3766.6455078125,4870.30322265625
2023-11-25,4690.0,4265.03271484375,3766.68896484375,4818.8310546875
2023-11-26,4713.0,4297.48486328125,3812.89697265625,4834.4912109375
2023-11-27,4783.0,4289.50390625,3838.58447265625,4790.20947265625
2023-11-28,4810.0,4316.1728515625,3856.4072265625,4847.4287109375
2023-11-29,4688.0,4567.47998046875,4018.873046875,5246.1162109375
2023-12-02,4708.0,4874.9345703125,4270.5703125,5647.83837890625
2023-12-03,4824.0,4892.037109375,4307.7734375,5624.240234375
2023-12-04,4785.0,4861.08251953125,4315.001953125,5526.208984375
2023-12-05,4767.0,5130.654296875,4542.4541015625,5876.033203125
2023-12-06,4859.999999999999,4917.87060546875,4359.3974609375,5566.5537109375
2023-12-09,4806.0,4611.6220703125,4071.17236328125,5216.85009765625
2023-12-10,4771.999999999999,4639.0849609375,4087.737548828125,5264.9287109375
2023-12-11,4647.0,4837.76953125,4223.14453125,5539.599609375
2023-12-12,4657.0,4871.61865234375,4288.1787109375,5547.1279296875
2023-12-13,4669.0,4657.69140625,4120.986328125,5251.2451171875
2023-12-16,4665.0,4742.0458984375,4199.50732421875,5356.296875
2023-12-18,4609.0,4930.7919921875,4372.35546875,5585.1123046875
2023-12-19,4585.0,4854.39404296875,4333.9658203125,5452.18994140625
2023-12-20,4656.0,4847.6328125,4354.45947265625,5424.14990234375
2023-12-23,4773.0,4996.15283203125,4476.2275390625,5624.21728515625
2023-12-24,4764.0,4826.28369140625,4326.7001953125,5396.84619140625
2023-12-25,4678.0,4787.11328125,4279.1533203125,5364.75732421875
2023-12-26,4640.0,4628.6708984375,4136.16943359375,5178.21923828125
2023-12-27,4735.0,4633.349609375,4146.97314453125,5177.27734375
2023-12-30,4800.0,4692.83349609375,4208.47216796875,5245.3505859375
2023-12-31,4903.0,4783.083984375,4296.8046875,5339.76513671875
2024-01-01,4792.0,4736.8427734375,4291.2021484375,5261.77734375
2024-01-02,4664.0,4655.1259765625,4225.498046875,5161.05419921875
2024-01-03,4641.0,4783.04833984375,4310.2724609375,5337.79248046875
2024-01-06,4510.0,5004.740234375,4489.3740234375,5645.4130859375
2024-01-07,4403.0,4962.04248046875,4465.53369140625,5557.5185546875
2024-01-08,4316.0,4787.97802734375,4317.4140625,5337.87890625
2024-01-09,4222.0,4718.1689453125,4264.4501953125,5245.0859375
2024-01-10,4255.0,4856.4697265625,4396.9423828125,5402.22998046875
2024-01-13,4265.0,5004.8212890625,4533.39013671875,5578.6728515625
2024-01-14,4287.0,5146.73095703125,4644.04052734375,5767.76171875
2024-01-15,4275.0,4885.70263671875,4455.537109375,5399.06640625
2024-01-16,4204.0,4651.89892578125,4206.7626953125,5153.4970703125
2024-01-17,4219.0,4672.52392578125,4255.34033203125,5158.5419921875
2024-01-20,4389.0,4463.716796875,4060.26171875,4912.42919921875
2024-01-21,4351.0,4316.8408203125,3924.50439453125,4749.013671875
2024-01-22,4379.0,4191.34326171875,3803.90380859375,4604.7177734375
2024-01-23,4342.0,4054.3369140625,3649.22900390625,4481.947265625
2024-01-24,4320.0,4101.427734375,3711.4970703125,4533.67724609375
2024-01-27,4373.0,4155.380859375,3745.91748046875,4610.93408203125
2024-01-28,4329.0,4181.2255859375,3778.65771484375,4641.64013671875
2024-01-29,4273.0,4159.76953125,3750.095703125,4621.1435546875
2024-01-30,4216.0,4081.99560546875,3686.92529296875,4518.275390625
2024-01-31,4127.0,4088.7509765625,3710.7802734375,4517.0732421875
2024-02-03,4194.0,4362.908203125,3939.628662109375,4867.07421875
2024-02-04,4323.0,4354.919921875,3943.05712890625,4840.8251953125
2024-02-05,4305.0,4400.44921875,3970.786865234375,4907.3193359375
2024-02-06,4281.0,4305.6484375,3919.211669921875,4759.65234375
2024-02-07,4217.0,4283.23046875,3883.867431640625,4754.650390625
2024-02-10,4109.0,4405.6787109375,4020.32080078125,4891.888671875
2024-02-12,4119.0,4327.173828125,3965.436279296875,4769.369140625
2024-02-13,4247.0,4227.4248046875,3858.96923828125,4668.94384765625
2024-02-14,4495.0,4132.36083984375,3761.6962890625,4550.96923828125
2024-02-17,4808.0,4046.72021484375,3659.3115234375,4482.16748046875
2024-02-18,4912.0,4147.2890625,3787.759765625,4579.74365234375
2024-02-19,5055.0,4357.79443359375,3940.41796875,4878.66162109375
2024-02-20,4994.0,4299.58056640625,3912.82568359375,4766.0927734375
2024-02-21,4914.999999999999,4202.150390625,3830.03173828125,4631.7255859375
2024-02-24,4935.0,4127.22802734375,3780.885986328125,4523.8466796875
2024-02-26,5210.0,3973.401611328125,3611.977783203125,4374.03515625
2024-02-27,5251.0,3982.29541015625,3616.5498046875,4389.38427734375
2024-02-28,5183.0,4193.078125,3783.7890625,4660.29736328125
2024-03-02,5050.0,4521.47265625,4035.165283203125,5150.14892578125
2024-03-03,5040.0,4812.1435546875,4280.865234375,5547.3740234375
2024-03-04,5130.0,4881.06591796875,4364.7470703125,5560.69140625
2024-03-05,5260.000000000001,5047.759765625,4507.9345703125,5777.4765625
2024-03-06,5250.0,4918.1328125,4412.53076171875,5536.82568359375
2024-03-09,5250.0,4836.60107421875,4317.1240234375,5445.00439453125
2024-03-10,5209.999999999999,4958.70849609375,4418.15576171875,5591.25537109375
2024-03-11,5020.0,5424.69677734375,4760.80224609375,6316.3408203125
2024-03-12,4960.0,5378.9404296875,4758.59521484375,6171.71044921875
2024-03-13,4794.0,5281.46630859375,4705.06103515625,5967.89892578125
2024-03-16,4777.0,5073.9111328125,4533.99267578125,5693.7548828125
2024-03-17,4894.0,5105.091796875,4570.798828125,5718.34423828125
2024-03-18,4879.0,5263.3330078125,4702.92724609375,5928.8486328125
2024-03-25,4554.0,5426.5224609375,4878.93701171875,6089.2333984375
2024-03-26,4534.0,5385.22802734375,4877.376953125,5986.3271484375
2024-03-27,4566.0,5347.755859375,4843.03759765625,5935.4375
2024-03-30,4521.0,5256.31103515625,4792.16162109375,5794.11962890625
2024-04-02,4531.0,4913.88818359375,4454.541015625,5426.83642578125
2024-04-03,4839.0,4880.26220703125,4424.9814453125,5386.55029296875
2024-04-06,4920.000000000001,4657.6923828125,4205.8271484375,5140.2978515625
2024-04-07,4883.0,4708.76025390625,4246.271484375,5206.986328125
2024-04-08,4914.0,4888.15771484375,4415.3603515625,5409.7998046875
2024-04-09,4962.0,4849.33056640625,4385.68212890625,5371.0693359375
2024-04-13,4938.0,4437.6591796875,3960.486572265625,4926.416015625
2024-04-14,4793.0,4433.51953125,3960.298583984375,4919.8291015625
2024-04-15,4870.000000000001,4451.5771484375,4001.45947265625,4925.91015625
2024-04-16,4763.0,4425.87060546875,3980.19677734375,4897.19677734375
2024-04-17,4730.0,4505.0087890625,4057.011474609375,4991.7587890625
2024-04-20,4699.0,4980.0595703125,4454.69482421875,5602.61572265625
2024-04-21,4627.0,4979.166015625,4473.2978515625,5560.9033203125
2024-04-22,4576.0,4916.91845703125,4430.62548828125,5466.56640625
2024-04-23,4503.0,4953.6845703125,4485.99609375,5490.67431640625
2024-04-24,4420.0,4973.9580078125,4523.7353515625,5491.80859375
2024-04-27,4337.0,4970.060546875,4507.4765625,5501.59814453125
2024-04-28,4202.0,4752.00244140625,4284.64794921875,5263.2099609375
2024-04-29,4241.0,4935.5185546875,4475.30908203125,5462.75
2024-04-30,4236.0,4762.07421875,4283.8916015625,5283.5732421875
2024-05-01,4283.0,4741.68408203125,4266.32568359375,5256.76904296875
2024-05-05,4030.0,4709.021484375,4266.35693359375,5202.5341796875
2024-05-06,4096.0,4615.3369140625,4175.31640625,5105.560546875
2024-05-07,4025.0,4547.4140625,4087.872314453125,5045.8232421875
2024-05-08,3945.0,4463.67919921875,4029.711669921875,4937.96923828125
2024-05-11,3873.0,4362.03125,3948.764404296875,4805.2177734375
2024-05-12,3946.0,4258.61669921875,3867.767822265625,4674.7333984375
2024-05-13,4024.0,4121.5380859375,3697.0693359375,4572.806640625
2024-05-14,4060.0,4191.8193359375,3778.502685546875,4635.5361328125
2024-05-15,4030.0,4223.138671875,3800.689208984375,4685.599609375
2024-05-18,4045.0,4316.6591796875,3888.863037109375,4793.458984375
2024-05-19,3999.0,3955.48876953125,3533.5888671875,4397.796875
2024-05-21,3939.0,4110.11669921875,3656.45849609375,4612.54052734375
2024-05-25,4016.0,4011.85888671875,3579.06640625,4480.861328125
2024-05-26,3981.0,3918.31787109375,3494.8955078125,4380.6787109375
2024-05-27,3915.0,3821.84228515625,3403.7412109375,4269.3671875
2024-05-28,3872.0,3933.09423828125,3518.00830078125,4397.62841796875
2024-05-29,3795.0,4096.43798828125,3661.15087890625,4611.21484375
2024-06-01,3721.0,4137.9892578125,3703.00537109375,4647.93505859375
2024-06-02,3731.0,4005.0947265625,3611.323974609375,4454.9951171875
2024-06-05,3671.0,4011.09228515625,3629.00244140625,4437.7490234375
2024-06-08,3606.0,3951.4921875,3592.74755859375,4349.65185546875
2024-06-09,3671.0,3881.728515625,3510.74951171875,4303.5654296875
2024-06-10,3742.0,3960.10693359375,3616.75537109375,4355.236328125
2024-06-11,3738.0,3885.2568359375,3548.482421875,4268.41943359375
2024-06-12,3531.0,3798.45263671875,3447.066162109375,4184.501953125
2024-06-15,3512.0,3718.824462890625,3389.403076171875,4079.179443359375
2024-06-16,3618.0,3627.23486328125,3280.90478515625,4000.39599609375
2024-06-18,3614.0,3555.278564453125,3217.7158203125,3917.971435546875
2024-06-19,3751.0,3623.86279296875,3300.35693359375,3978.2529296875
2024-06-22,3964.0,3535.6015625,3216.419677734375,3880.7880859375
2024-06-23,3975.0,3472.4501953125,3158.36181640625,3805.738037109375
2024-06-24,3849.0,3589.4404296875,3276.876953125,3947.1416015625
2024-06-26,3775.0,3701.41064453125,3355.8046875,4130.79443359375
2024-06-29,3598.0,3673.50439453125,3337.47998046875,4070.47265625
2024-06-30,3456.0,3419.04248046875,3069.60693359375,3798.2333984375
2024-07-01,3520.0000000000005,3428.53076171875,3096.62841796875,3784.403564453125
2024-07-02,3537.0,3607.12939453125,3256.00634765625,4009.2626953125
2024-07-03,3484.0,3607.83984375,3244.3896484375,4028.6435546875
2024-07-06,3435.0,3780.591796875,3422.8310546875,4235.82666015625
2024-07-07,3294.0,4086.80078125,3651.562744140625,4702.11865234375
2024-07-08,3255.0,3988.65185546875,3569.1005859375,4512.9482421875
2024-07-09,3074.0,3766.72216796875,3390.39892578125,4199.8798828125
2024-07-17,2893.0,3715.9248046875,3349.29296875,4136.11572265625
2024-07-20,2868.0,3537.09814453125,3174.326416015625,3937.1181640625
2024-07-21,2857.0,3349.3212890625,3006.90478515625,3738.93310546875
2024-07-22,2850.0,3491.70166015625,3127.014892578125,3911.93017578125
2024-07-23,2829.0,3502.99462890625,3135.19921875,3918.54736328125
2024-07-24,2805.0,3416.825439453125,3077.3837890625,3802.045654296875
2024-07-27,2790.0,3347.5888671875,3028.71826171875,3703.038818359375
2024-07-29,2785.0,3209.3994140625,2894.3486328125,3560.718505859375
2024-07-30,2808.0,3188.970947265625,2869.011962890625,3551.1162109375
2024-07-31,2838.0,2951.05908203125,2641.964111328125,3289.908203125
2024-08-03,2888.0,2807.86279296875,2462.9677734375,3185.55810546875
2024-08-04,2912.0,2843.74609375,2495.755859375,3235.876953125
2024-08-05,2867.0,2859.310791015625,2527.67041015625,3236.341796875
2024-08-06,2869.0,2882.001953125,2553.97412109375,3254.1357421875
2024-08-10,2925.0000000000005,2810.342041015625,2504.253662109375,3160.92626953125
2024-08-11,2916.0,2763.595703125,2468.497314453125,3105.38525390625
2024-08-12,2908.0,2766.1328125,2485.239501953125,3092.286865234375
2024-08-13,2954.9999999999995,2747.75439453125,2475.09912109375,3073.02490234375
2024-08-14,2996.0,2761.27392578125,2485.99609375,3102.8623046875
2024-08-17,3054.0,2802.548583984375,2523.921875,3145.056640625
2024-08-18,3099.0,2858.375244140625,2567.2490234375,3231.74755859375
2024-08-19,3186.0000000000005,2861.26318359375,2586.634765625,3198.072265625
2024-08-20,3247.0000000000005,2796.074462890625,2535.301025390625,3110.98583984375
2024-08-21,3337.0000000000005,2825.670654296875,2574.4541015625,3134.566650390625
2024-08-24,3428.0000000000005,2908.7685546875,2655.837158203125,3208.716796875
2024-08-26,3424.0,2874.73583984375,2609.985107421875,3198.04541015625
2024-08-27,3368.0,2842.0107421875,2569.15771484375,3171.130615234375
2024-08-28,3269.0,2905.807861328125,2633.466796875,3237.17333984375
2024-08-31,3328.9999999999995,2949.81884765625,2650.78564453125,3311.69384765625
2024-09-01,3386.0,3004.316650390625,2696.517578125,3388.39892578125
2024-09-03,3407.0,3083.946533203125,2771.078125,3469.47412109375
2024-09-07,3392.0,3183.398681640625,2847.62890625,3598.9052734375
2024-09-08,3474.0,3297.66796875,2943.38720703125,3747.74462890625
2024-09-09,3578.0,3414.0546875,3039.49365234375,3924.056640625
2024-09-10,3640.0,3491.54345703125,3104.998779296875,4022.05712890625
2024-09-11,3636.0,3446.9599609375,3076.2509765625,3901.302734375
2024-09-14,3642.000000000001,3334.71533203125,2974.1064453125,3753.79150390625
2024-09-15,3651.0,3179.287109375,2845.9873046875,3569.009033203125
2024-09-16,3647.000000000001,3312.9091796875,2966.869140625,3711.900146484375
2024-09-17,3643.0,3389.25,3033.2490234375,3808.69384765625
2024-09-18,3636.0,3385.775390625,3048.2861328125,3770.349609375
2024-09-22,3635.0,3321.347412109375,2994.95654296875,3693.100341796875
2024-09-23,3605.000000000001,3423.22998046875,3064.849365234375,3841.609375
2024-09-24,3569.0,3515.02734375,3143.21240234375,3956.27734375
2024-09-25,3604.0,3563.038818359375,3188.002685546875,4003.08984375
2024-09-28,3708.0,3526.740478515625,3174.91259765625,3938.279541015625
2024-09-29,3650.0,3496.96728515625,3163.240234375,3876.84814453125
2024-09-30,3555.0,3503.5146484375,3170.664794921875,3877.38232421875
2024-10-01,3538.0,3543.45947265625,3209.07275390625,3917.5
2024-10-02,3436.0,3545.6962890625,3218.5263671875,3916.77099609375
2024-10-05,3369.0,3523.5849609375,3196.91015625,3896.39013671875
2024-10-06,3354.0,3541.785400390625,3228.55517578125,3888.320556640625
2024-10-07,3284.0,3518.36572265625,3201.01123046875,3870.79833984375
2024-10-08,3220.0,3466.04150390625,3163.531005859375,3791.349609375
2024-10-09,3190.0,3524.01220703125,3222.381103515625,3853.3857421875
2024-10-12,3285.0,3682.77685546875,3331.68505859375,4084.838134765625
2024-10-13,3342.0,3525.0673828125,3217.6044921875,3857.8896484375
2024-10-14,3392.0,3374.48681640625,3060.85498046875,3704.9208984375
2024-10-15,3295.0,3340.07958984375,3027.898681640625,3669.26025390625
2024-10-16,3237.0,3209.001708984375,2908.83349609375,3523.03125
2024-10-19,3301.0,3147.983154296875,2857.99560546875,3455.760009765625
2024-10-20,3269.0,3173.62255859375,2892.30908203125,3479.751708984375
2024-10-21,3174.0,3088.776123046875,2818.836181640625,3378.596923828125
2024-10-22,3169.0,3017.07666015625,2747.1728515625,3308.72265625
2024-10-23,3112.0,3006.87646484375,2743.75537109375,3292.06298828125
2024-10-26,3204.0,3166.966796875,2869.712646484375,3488.684814453125
2024-10-27,3287.0,3216.57470703125,2918.04150390625,3556.11474609375
2024-10-28,3382.0,3258.76416015625,2961.32958984375,3586.544921875
2024-10-29,3475.0,3109.421142578125,2824.927001953125,3425.6806640625
2024-10-30,3567.0,3042.4970703125,2769.91796875,3343.931640625
2024-11-02,3622.0,3134.348388671875,2854.2060546875,3438.61376953125
2024-11-03,3706.0,3113.350830078125,2823.58251953125,3437.1416015625
2024-11-04,3817.0,3012.7734375,2743.263916015625,3303.607421875
2024-11-05,3887.0,3014.778564453125,2762.29638671875,3292.80322265625
2024-11-06,3818.000000000001,2960.96435546875,2704.584716796875,3245.5654296875
2024-11-09,3915.0,3087.0244140625,2817.682373046875,3388.90966796875
2024-11-10,4022.000000000001,3209.762451171875,2900.686279296875,3563.20849609375
2024-11-11,4141.0,3368.12744140625,3039.08154296875,3782.09423828125
2024-11-12,4186.0,3494.15185546875,3153.32421875,3928.2529296875
2024-11-13,4239.0,3584.1943359375,3229.72705078125,4031.9609375
2024-11-16,4224.0,3636.16943359375,3283.08740234375,4073.419921875
2024-11-17,4183.0,3664.50634765625,3306.970703125,4097.71630859375
2024-11-18,4308.0,3762.62548828125,3378.17724609375,4238.025390625
2024-11-19,4428.0,3854.11669921875,3455.912109375,4335.78515625
2024-11-20,4550.0,3760.59326171875,3378.26318359375,4201.36083984375
2024-11-23,4441.0,3936.81201171875,3522.06591796875,4423.1064453125
2024-11-24,4335.0,4106.34033203125,3664.457275390625,4647.3603515625
2024-11-25,4464.0,4269.251953125,3777.423095703125,4881.3056640625
2024-11-26,4384.0,4305.8740234375,3840.84912109375,4857.3447265625
2024-11-27,4382.0,4350.2939453125,3891.6279296875,4887.0986328125
2024-11-30,4512.0,4236.5625,3786.02197265625,4752.962890625
2024-12-01,4498.0,4124.8642578125,3685.2822265625,4615.126953125
2024-12-02,4389.0,4326.74169921875,3851.5927734375,4867.34423828125
2024-12-03,4265.0,4485.9453125,3977.801025390625,5078.0205078125
2024-12-04,4151.0,4625.60888671875,4119.4375,5219.38232421875
2024-12-07,4275.0,4389.9501953125,3931.0859375,4907.8828125
2024-12-08,4266.0,4259.2294921875,3818.714111328125,4753.43359375
2024-12-09,4364.0,4476.83154296875,4021.06103515625,5004.93798828125
2024-12-10,4493.999999999999,4324.431640625,3872.870849609375,4834.99609375
2024-12-11,4618.0,4346.23046875,3911.74462890625,4834.109375
2024-12-14,4755.0,4573.25341796875,4115.88671875,5103.130859375
2024-12-15,4829.0,4501.3818359375,4079.844970703125,4979.68701171875
2024-12-16,4834.0,4299.61474609375,3909.79443359375,4735.2255859375
2024-12-17,4732.0,4093.98046875,3684.081787109375,4539.03125
2024-12-18,4649.999999999999,3915.113037109375,3519.028564453125,4336.1787109375
2024-12-21,4739.0,4088.805908203125,3672.767578125,4543.5087890625
2024-12-22,4838.0,4072.341796875,3664.7041015625,4516.84375
2024-12-23,4886.999999999999,4212.3642578125,3819.30908203125,4652.06689453125
2024-12-24,5008.999999999999,4361.73193359375,3950.85693359375,4824.93896484375
2024-12-25,5098.0,4537.4365234375,4095.275390625,5046.341796875
2024-12-28,5120.0,4725.748046875,4263.001953125,5268.884765625
2024-12-29,4970.000000000001,4793.15966796875,4333.3896484375,5325.1826171875
2024-12-30,5030.0,4803.73388671875,4345.46875,5329.6865234375
2024-12-31,5090.0,4598.56005859375,4153.2666015625,5092.34423828125
2025-01-01,4950.0,4497.3212890625,4038.2529296875,4999.3974609375
2025-01-04,4840.0,4664.54443359375,4211.6630859375,5169.181640625
2025-01-05,4800.0,4833.6865234375,4364.19140625,5369.8955078125
2025-01-06,4710.0,4945.70947265625,4471.41064453125,5491.07861328125
2025-01-07,4810.0,5112.0087890625,4617.244140625,5699.978515625
2025-01-08,4721.0,5176.94287109375,4657.7001953125,5788.21240234375
2025-01-11,4855.0,5153.921875,4659.2919921875,5721.1953125
2025-01-12,4916.0,4874.771484375,4380.8232421875,5416.474609375
2025-01-13,4781.0,5020.84765625,4531.94580078125,5577.79638671875
2025-01-15,4642.0,5112.4677734375,4612.6669921875,5687.03076171875
2025-01-18,4508.0,4893.142578125,4409.2138671875,5436.60400390625
2025-01-19,4485.0,4802.48193359375,4326.7734375,5330.12744140625
2025-01-20,4619.0,4772.0986328125,4321.384765625,5270.880859375
2025-01-21,4530.0,4662.99951171875,4222.05078125,5147.8310546875
2025-01-22,4651.0,4900.125,4422.4130859375,5447.849609375
2025-01-25,4543.0,4721.76171875,4289.1728515625,5207.212890625
2025-01-26,4485.0,4927.84521484375,4441.5498046875,5500.453125
2025-01-27,4390.0,4973.357421875,4488.841796875,5545.12109375
2025-01-29,4291.0,4748.7978515625,4311.36962890625,5238.5947265625
2025-02-01,4215.0,4537.8232421875,4114.37890625,4998.2265625
2025-02-02,4136.0,4373.1103515625,3931.95556640625,4842.8125
2025-02-03,4021.0,4367.828125,3923.781494140625,4849.3681640625
2025-02-04,4141.0,4581.287109375,4138.74609375,5068.63232421875
2025-02-05,4220.0,4461.28466796875,4037.56591796875,4924.193359375
2025-02-09,4346.0,4666.01513671875,4241.18359375,5146.6142578125
2025-02-11,4442.0,4453.68359375,4052.7119140625,4893.482421875
2025-02-15,4563.0,4349.0107421875,3954.20947265625,4780.0869140625
2025-02-16,4681.0,4234.67431640625,3836.955078125,4665.1044921875
2025-02-17,4541.0,4095.085693359375,3696.003662109375,4519.63330078125
2025-02-18,4535.0,4021.87060546875,3630.172607421875,4437.3251953125
2025-02-19,4515.0,3930.48681640625,3538.47314453125,4339.7783203125
2025-02-22,4468.0,3824.298828125,3441.12109375,4224.54052734375
2025-02-23,4338.0,4039.324951171875,3625.96435546875,4493.6103515625
2025-02-24,4342.0,4119.12060546875,3708.48828125,4573.38330078125
2025-02-25,4223.0,4358.44482421875,3940.11669921875,4845.1494140625
2025-02-26,4112.0,4510.4228515625,4092.2119140625,5006.62060546875
2025-03-01,4234.0,4636.25634765625,4204.3505859375,5160.380859375
2025-03-02,4310.0,4720.6279296875,4255.5654296875,5278.0615234375
2025-03-03,4393.0,4391.6904296875,3945.14306640625,4883.7373046875
2025-03-04,4275.0,4419.9384765625,3981.53515625,4914.55224609375
2025-03-05,4401.0,4381.34912109375,3938.99169921875,4872.109375
2025-03-08,4529.0,4299.78857421875,3867.4404296875,4773.3671875
2025-03-09,4542.0,4102.19384765625,3689.78857421875,4548.5576171875
2025-03-10,4658.0,4174.12890625,3771.36083984375,4622.54248046875
2025-03-11,4772.0,3977.26171875,3582.8017578125,4402.32568359375
2025-03-12,4693.0,3868.998046875,3477.975830078125,4284.74560546875
2025-03-15,4584.0,4107.02392578125,3710.738525390625,4548.50732421875
2025-03-16,4721.0,4161.86669921875,3776.89453125,4599.47607421875
2025-03-17,4812.0,4236.66552734375,3840.82275390625,4691.22412109375
2025-03-18,4923.0,4055.06396484375,3673.6279296875,4471.77001953125
2025-03-25,5070.0,4227.01318359375,3851.8447265625,4653.18603515625
2025-03-26,5222.0,4409.14404296875,4018.169921875,4861.91064453125
2025-03-29,5355.0,4435.28857421875,4034.588134765625,4894.515625
2025-03-30,5508.000000000001,4612.306640625,4179.49560546875,5117.39892578125
