Asset,Maturity_days,OTM_pct,Strike,Premium_pct,P_assignment,Static_Return_Ann,ReturnIfExercised_Ann,Annualized_Expected_Return,Utility
Fameli,15,-0.1,8748.0,0.11166975919208884,0.9403163556595536,16.83836841716434,0.37379793389025795,0.3141420094499703,0.3112088585301564
Fameli,15,-0.05,9234.0,0.07129287080813122,0.7929170567121687,5.0480638542404215,0.736030814961631,0.41977197620404305,0.404632899322117
Fameli,15,-0.02,9525.6,0.05139238441193847,0.6519421318386254,2.6104325137160016,1.2083118694637198,0.4769457463507507,0.4455893263956461
Fameli,15,0.0,9720.0,0.04024409310730179,0.5452795283475963,1.7169857045170502,1.7169857045170502,0.5011831345820901,0.45490044044027067
Fameli,15,0.02,9914.4,0.030832972827786277,0.43738614946871834,1.1427261236472837,2.4692652872297676,0.5105691710661122,0.4468550362439955
Fameli,15,0.04,10108.800000000001,0.023102187694684084,0.3359018457474019,0.7660554375464059,3.586509053945563,0.5051623257357505,0.4227933268030477
Fameli,15,0.06,10303.2,0.016924651422602435,0.2467730379696217,0.5149131029296152,5.25408496009456,0.48768512662888686,0.38694124724454404
Fameli,15,0.08,10497.6,0.012122708949214394,0.17340198695658793,0.345530709835846,7.7539688700290785,0.4624090343549776,0.3449302805976793
Fameli,15,0.1,10692.0,0.008490754134841795,0.11658481225869777,0.23058599889908993,11.512208567222324,0.43383685478861334,0.30220002123775747
Fameli,15,0.15,11178.0,0.0031664486042622666,0.0358255068547636,0.08022839466836129,31.396371521564426,0.36948769366797296,0.2152401330419259
Fameli,15,0.2,11664.0,0.0010352096599867233,0.008551227989623045,0.02552343368084853,85.63417468485696,0.3308910876613511,0.16789278851631728
Fameli,30,-0.1,8748.0,0.1257014238554183,0.8813379532827057,4.126324786672054,0.42262351495668526,0.32613999434315755,0.31905757855676464
Fameli,30,-0.05,9234.0,0.08891043296138679,0.7446799881052915,2.1046091905050734,0.6633263585727089,0.38322916465689105,0.36316618767861497
Fameli,30,-0.02,9525.6,0.0702111259907944,0.6393055053588407,1.4246951025693737,0.8963029596045877,0.4114605014634767,0.37865338984635605
Fameli,30,0.0,9720.0,0.059259413347964245,0.5638973512487824,1.1027280615656077,1.1027280615656077,0.4251755849337977,0.38184679107118075
Fameli,30,0.02,9914.4,0.04952722056391114,0.48763046390964937,0.8552417790261537,1.3606735765343791,0.4339640866709391,0.37878682253703305
Fameli,30,0.04,10108.800000000001,0.04098845670660924,0.41326516641997757,0.6639617737920678,1.681527816895024,0.4376440979112446,0.3696967988837703
Fameli,30,0.06,10303.2,0.03359140407125835,0.3432120079436932,0.5154576068448391,2.079156901550599,0.4364985452133938,0.3553500657631157
Fameli,30,0.08,10497.6,0.027263476687091493,0.27933378325381397,0.39977465185681327,2.5703748651716904,0.431184878120918,0.33691870293993764
Fameli,30,0.1,10692.0,0.021916700955004975,0.22284873551837237,0.30946503468968434,3.175465591305124,0.42260305980198787,0.3157810854619937
Fameli,30,0.15,11178.0,0.01219110439721305,0.11637534403910754,0.16094768677223414,5.357744070282833,0.3933375106944783,0.2598836430973344
Fameli,30,0.2,11664.0,0.006414028600702066,0.05417371139733673,0.08143481322800739,8.939674740470458,0.36322520200365704,0.21175438768594962
Fameli,45,-0.1,8748.0,0.13871636891963293,0.848618271303077,2.357657790813687,0.42853978844606155,0.3232123461568772,0.3134421649705563
Fameli,45,-0.05,9234.0,0.10375487876065315,0.7266775499804485,1.4314843241023238,0.603929079676822,0.36236462903761946,0.3403196455641989
Fameli,45,-0.02,9525.6,0.08561093236485688,0.6393923902330776,1.0666673328896454,0.7543017630691962,0.38180671952704937,0.3490116764814978
Fameli,45,0.0,9720.0,0.07474847128171816,0.5780901145633321,0.8778911676465082,0.8778911676465082,0.39200099416928036,0.35069504087567427
Fameli,45,0.02,9914.4,0.06487324443444256,0.5160928599600858,0.7229502934363938,1.0231575176973475,0.39961716477733966,0.34888271976332275
Fameli,45,0.04,10108.800000000001,0.0559679052046542,0.4549089404249723,0.59545725390036,1.1930295344723434,0.40453093936356277,0.34365343733079656
Fameli,45,0.06,10303.2,0.04800115872247433,0.3959053529269435,0.49032975659477374,1.3907879474596316,0.4067816434525964,0.3352924721616839
Fameli,45,0.08,10497.6,0.0409299039259325,0.3402301835294098,0.40350456331887763,1.6200985303808388,0.406551630375932,0.3242506560331535
Fameli,45,0.1,10692.0,0.03470164040592293,0.2887649119153972,0.3317163289618119,1.885043683978207,0.40413460599791673,0.3110911522449308
Fameli,45,0.15,11178.0,0.022418776885837436,0.18176535937874094,0.20190825348426156,2.7342057624139073,0.39101994758853964,0.2729798947780252
Fameli,45,0.2,11664.0,0.014014788394285705,0.1065014837600533,0.12128976266128877,3.9200072381199966,0.3727483139261676,0.2344015947670769
Fameli,60,-0.1,8748.0,0.15077377388377428,0.8287743628993105,1.7025536888877508,0.4236927151683081,0.3185378877889833,0.30699059191488137
Fameli,60,-0.05,9234.0,0.11698909688338327,0.7186743320777357,1.131603531304589,0.5602410375251772,0.34863414362723155,0.32562595931714094
Fameli,60,-0.02,9525.6,0.0991947067361488,0.6427802161659539,0.8879703907166978,0.6696308963810091,0.36382544533966454,0.33137872848501937
Fameli,60,0.0,9720.0,0.08839378641272057,0.5899776430074352,0.7559240749775531,0.7559240749775531,0.3721776204305416,0.3324292404952075
Fameli,60,0.02,9914.4,0.0784402523223338,0.5365777997259826,0.6436728901413551,0.8540997858509443,0.3789052881941162,0.33114744745017766
Fameli,60,0.04,10108.800000000001,0.06932084300261997,0.48355972735129094,0.5481037914778122,0.9652579193227175,0.38392255520547214,0.3275706495295971
Fameli,60,0.06,10303.2,0.06101330921422287,0.43182716456535075,0.4666340401004352,1.0905751044339325,0.38722121391286746,0.3218394435417669
Fameli,60,0.08,10497.6,0.05348764970738332,0.38216954746892773,0.39711374597167026,1.2313084571135335,0.38886335517774606,0.3141810670703144
Fameli,60,0.1,10692.0,0.04670746773317342,0.33523565602821115,0.33774705983733266,1.3887984386141006,0.388969928574606,0.30488793236943457
Fameli,60,0.15,11178.0,0.03273827562866647,0.23268012228871482,0.2244488590640885,1.8654038914833948,0.3836778006542072,0.27673372453677897
Fameli,60,0.2,11664.0,0.02244010221756924,0.15347725990675176,0.14805084197542673,2.480543250893622,0.3730437454038178,0.24580359355384862
Fameli,90,-0.1,8748.0,0.1727386134165768,0.8073024282776701,1.1577662117427798,0.4074479512016711,0.3099770926033605,0.2963045931863663
Fameli,90,-0.05,9234.0,0.14047882546046428,0.7141493452019354,0.8476771660240479,0.5006621728013507,0.3310282461607281,0.30726386624459917
Fameli,90,-0.02,9525.6,0.12314535472857675,0.652333307467186,0.7039633924406541,0.5699185561768227,0.3419942600205741,0.3104510314469041
Fameli,90,0.0,9720.0,0.11244383947703451,0.6097295076817466,0.6221635464025337,0.6221635464025337,0.34836633856809596,0.31095787314504186
Fameli,90,0.02,9914.4,0.10242176306511655,0.5666448906108316,0.549950533275297,0.6795630521014746,0.35389568243176917,0.3101292616879626
Fameli,90,0.04,10108.800000000001,0.09306980188584836,0.5236092900339839,0.48614627112586417,0.742373310411166,0.35853482992709784,0.30797772634451104
Fameli,90,0.06,10303.2,0.08437385554716588,0.4811207717609214,0.4297299933598282,0.8108537237747699,0.36226348673068176,0.30455495949402817
Fameli,90,0.08,10497.6,0.076315627662139,0.4396312217670917,0.3798153501352959,0.8852670159795999,0.3650866504311656,0.29994692977442894
Fameli,90,0.1,10692.0,0.06887324108474974,0.3995357482394517,0.33563103610112965,0.9658792399389489,0.36703181139961294,0.294267773834613
Fameli,90,0.15,11178.0,0.052793023348001795,0.30740792075334455,0.246031623483004,1.1963043828568565,0.3683954738116615,0.2763064368281425
Fameli,90,0.2,11664.0,0.039960268276155446,0.2292592128622013,0.179850837984741,1.4714455554027808,0.3656694396609961,0.25490979054679314
Fulad,15,-0.1,3717.9,0.1113345851268599,0.9487408481224423,16.675371641529438,0.3612449566021225,0.31183328238417096,0.30944314068508116
Fulad,15,-0.05,3924.45,0.07067650896369594,0.8125479904447682,4.951207096248868,0.7082291381667125,0.43246094552202985,0.41938800897472145
Fulad,15,-0.02,4048.38,0.05065030699682049,0.6767643383053195,2.542382488317706,1.1666892444088246,0.5104794147624456,0.4825414272542315
Fulad,15,0.0,4131.0,0.03945915443443065,0.5714743857324907,1.6634709150171734,1.6634709150171734,0.5528735578341955,0.5108414608005389
Fulad,15,0.02,4213.62,0.030043502388207907,0.46299325886318143,1.1006889666709445,2.4012033693475052,0.5820468365756264,0.5231662353057452
Fulad,15,0.04,4296.24,0.02234498642533762,0.3591923442776538,0.7330707565015671,3.500846659075391,0.5961331113011261,0.5188163335672529
Fulad,15,0.06,4378.860000000001,0.016230208418765796,0.26656290285138784,0.4891047736703842,5.1475392555566835,0.5961835080671039,0.5003225709976156
Fulad,15,0.08,4461.4800000000005,0.011512179881756368,0.18917095402579398,0.3254534738897701,7.623347177648959,0.5854420951556643,0.472357330602876
Fulad,15,0.1,4544.1,0.007975000908087846,0.12840975662459053,0.21511205886045515,11.354874447304482,0.5681103454456595,0.4401850444459584
Fulad,15,0.15,4750.65,0.0028783412358123293,0.04033514616071987,0.07265901822061593,31.16936366582013,0.5198041815720855,0.36753962194925277
Fulad,15,0.2,4957.2,0.0009041604843782097,0.009808547575974935,0.022255224237561544,85.35808286821225,0.48713504112458583,0.32511247393399634
Fulad,30,-0.1,3717.9,0.12503816666713677,0.9000629128329047,4.079245127460685,0.40955828146926065,0.33179427587877,0.3261993258840868
Fulad,30,-0.05,3924.45,0.08797320571437099,0.7748166827656415,2.0660146764859304,0.6426489500728985,0.406020739745121,0.38930748262446074
Fulad,30,-0.02,4048.38,0.06915811855615074,0.6742570825460111,1.3915329223461752,0.8703675170668628,0.44996581278480696,0.42181824407343577
Fulad,30,0.0,4131.0,0.05815963693232192,0.6005384251464576,1.0730488488084085,1.0730488488084085,0.4758730602063066,0.4380038609336838
Fulad,30,0.02,4213.62,0.048407519958573064,0.5245925218661417,0.8288558817234966,1.3270992514735092,0.4976484770674674,0.4485739423296956
Fulad,30,0.04,4296.24,0.03987554711198692,0.4492227703325823,0.6406466037653473,1.64395467190635,0.5145326091438771,0.4531048337363575
Fulad,30,0.06,4378.860000000001,0.032510044203651736,0.3770158068952014,0.49497756714839536,2.0375448793531423,0.5262446979222057,0.4517637863549801
Fulad,30,0.08,4461.4800000000005,0.026235023241769084,0.31010275509290963,0.3818932795229022,2.5247652363281636,0.5329619246589818,0.4452334224088038
Fulad,30,0.1,4544.1,0.020958144377349632,0.25001374143947097,0.2939515513314037,3.1259980497917788,0.5352332540289069,0.4345642810676576
Fulad,30,0.15,4750.65,0.011450030972256041,0.1339717814688064,0.15040309159408594,5.299998283602477,0.5269349839770603,0.39791101203332196
Fulad,30,0.2,4957.2,0.00589779248571117,0.06391335492797423,0.07462193712924226,8.877056289833815,0.509489364991814,0.36043274272125136
Fulad,45,-0.1,3717.9,0.13781341802516206,0.8750665675335011,2.3292417918449755,0.4164499961907886,0.333762484917991,0.3262612404573787
Fulad,45,-0.05,3924.45,0.10258621075257496,0.7643275102825318,1.4059196639673281,0.5870653469370632,0.38875630177438003,0.37093832917977665
Fulad,45,-0.02,4048.38,0.08432780844743729,0.681825013271498,1.0432942245335304,0.7344613734017373,0.421017210188831,0.39373371815645836
Fulad,45,0.0,4131.0,0.0734140169677547,0.6224769755449582,0.8560665967140204,0.8560665967140204,0.4407948975680325,0.4057950776624095
Fulad,45,0.02,4213.62,0.06350907910310817,0.5613377897803402,0.702698287458247,0.9993767979057064,0.4585311169652324,0.41478222459048325
Fulad,45,0.04,4296.24,0.05459580493266757,0.4999170154922987,0.5767722324810771,1.1673461112878183,0.473817603073043,0.4204402633605871
Fulad,45,0.06,4378.860000000001,0.04664203796856195,0.43965912179768496,0.4731837016380098,1.3632822351461589,0.4864080998307836,0.4227316263360063
Fulad,45,0.08,4461.4800000000005,0.03960295459060219,0.3818503318727974,0.387852739217448,1.5908793013182954,0.4962208447069847,0.4218220179650568
Fulad,45,0.1,4544.1,0.03342367034643908,0.3275510071166021,0.31750169521860894,1.8542489580977626,0.5033251166996622,0.4180468996234127
Fulad,45,0.15,4750.65,0.021317713252919528,0.21170302363914095,0.19098415477592012,2.7002657073160052,0.5107335019710402,0.3992483469588909
Fulad,45,0.2,4957.2,0.013130664750886976,0.12728801838564996,0.11316765974467824,3.8843689878931933,0.5075572724023898,0.37376876301187495
Fulad,60,-0.1,3717.9,0.14967961856810347,0.8613879771456879,1.6814677893503474,0.41258476135129163,0.3320462102699331,0.3234083704907653
Fulad,60,-0.05,3924.45,0.11563378982677858,0.7623419063273154,1.1118082263329723,0.5457517355919335,0.3765308801126448,0.35842749449181627
Fulad,60,-0.02,4048.38,0.0977237138313472,0.6912964485355817,0.869323410836575,0.653140397438265,0.40267851305455915,0.3764080575733955
Fulad,60,0.0,4131.0,0.08686718114253182,0.6406729621729855,0.7381414851765011,0.7381414851765011,0.41907056284328714,0.38629503380661057
Fulad,60,0.02,4213.62,0.07687648206938902,0.5885224624441607,0.6268073390821118,0.8350750670064839,0.43424680374898217,0.39416832167475857
Fulad,60,0.04,4296.24,0.06773860348189772,0.5358104610361585,0.5321889222710701,0.9450546080746516,0.44795040594268154,0.399855669335364
Fulad,60,0.06,4378.860000000001,0.0594308761008291,0.4834776875014082,0.45168748206985443,1.069269924503998,0.45999926049452955,0.4032920175669308
Fulad,60,0.08,4461.4800000000005,0.05192229530813663,0.4323933500917774,0.38313977361448637,1.2089908449721078,0.4702888937065708,0.40451564324794365
Fulad,60,0.1,4544.1,0.04517498439406193,0.3833185306675366,0.3247388895802077,1.3655699092961426,0.47878975255546474,0.40365686030490644
Fulad,60,0.15,4750.65,0.03134443705957158,0.2731840334917839,0.21376969585891592,1.8404129614176972,0.49260170576555407,0.39387812042970977
Fulad,60,0.2,4957.2,0.021238469204949807,0.18496556443687417,0.13950327203279578,2.454629601612919,0.49750541206041654,0.3768065876545972
Fulad,90,-0.1,3717.9,0.17134537956240867,0.8494928536257115,1.143090827089035,0.39787562591842085,0.3265369497729045,0.3167783758520927
Fulad,90,-0.05,3924.45,0.13882718995212617,0.7672852918471449,0.8333477785680092,0.4890240088893276,0.3596347681533001,0.3418082595272378
Fulad,90,-0.02,4048.38,0.12137327807861477,0.7105315026328742,0.690068656616377,0.5571168705886929,0.379238175303072,0.3548960271375197
Fulad,90,0.0,4131.0,0.11060865491528424,0.6704747063642618,0.6086315295152231,0.6086315295152231,0.3918287168153298,0.3624289317962266
Fulad,90,0.02,4213.62,0.1005380756998893,0.6292102863195009,0.5368283993122294,0.6653435974182849,0.4038555289492638,0.36884517912058234
Fulad,90,0.04,4296.24,0.09115250863531232,0.587245520536837,0.4734723941501813,0.7275143255246128,0.41518820917943944,0.37404772119752155
Fulad,90,0.06,4378.860000000001,0.08243777852296111,0.5450836882740421,0.41753472822784454,0.7954075616467888,0.4257214575505932,0.37797938060896186
Fulad,90,0.08,4461.4800000000005,0.07437518414133135,0.5032068160030209,0.3681218057510345,0.8692899118508643,0.43537643468844056,0.3806224342304134
Fulad,90,0.1,4544.1,0.06694215816786958,0.46206118326693746,0.3244558238849502,0.9494307469765282,0.44410085149338085,0.38199631444195
Fulad,90,0.15,4750.65,0.05093888056347376,0.3648798281711201,0.2361885222845055,1.1789545452638608,0.46172238459867354,0.3802927665447252
Fulad,90,0.2,4957.2,0.03824408878670531,0.27927453321035667,0.17133571033311257,1.4536088308688133,0.4735938629611445,0.3725429117933262
IranKhodro,15,-0.1,3481.2000000000003,0.11020095509278909,0.8809148239932185,16.135478731664506,0.3196658308239668,0.15268604473273073,0.14003134290545338
IranKhodro,15,-0.05,3674.6,0.0684495326077671,0.7364304825209249,4.614501775747728,0.6115815454760918,0.1143772153642546,0.07743903507729302
IranKhodro,15,-0.02,3790.64,0.047916368208059716,0.6246527630801891,2.3029798807600494,1.0202592480464303,0.1094092091242902,0.04843992823460437
IranKhodro,15,0.0,3868.0,0.0365519722401076,0.5450878461098333,1.4746373318477768,1.4746373318477768,0.1174604238753778,0.036627908371270654
IranKhodro,15,0.02,3945.36,0.027120928075810475,0.46527438440487257,0.9523951109663371,2.1611023502635978,0.13504035479076149,0.031855743040161616
IranKhodro,15,0.04,4022.7200000000003,0.019558380284395483,0.38832888423812784,0.6171030275894531,3.19967432478,0.16130158906418135,0.03407655017133149
IranKhodro,15,0.06,4100.08,0.013702539458335283,0.3168746091186808,0.39896678499114735,4.775418479624493,0.19446889303008041,0.04248287409238383
IranKhodro,15,0.08,4177.4400000000005,0.009324746252549759,0.25282312262287143,0.256043478549711,7.171768529882666,0.23212027445027084,0.05566769099915059
IranKhodro,15,0.1,4254.8,0.006164165999038882,0.19729121411475292,0.16236754327231506,10.818584923121415,0.27155455629197145,0.07186923453790497
IranKhodro,15,0.15,4448.2,0.0019333853349165725,0.09659238710654383,0.04821765170753256,30.43635979926689,0.3621407632419751,0.11417554278557657
IranKhodro,15,0.2,4641.599999999999,0.0005111302001308507,0.04164173643499991,0.012518388394952895,84.53553439241723,0.4243033284719273,0.14509047930361985
IranKhodro,30,-0.1,3481.2000000000003,0.12270644919537797,0.8196863996629253,3.9174120674813775,0.3646474484251845,0.16617639976349707,0.1447883432551687
IranKhodro,30,-0.05,3674.6,0.08455635764919703,0.7009888715701534,1.9296475535084636,0.5695888590363671,0.1584249974776819,0.11548174972567977
IranKhodro,30,-0.02,3790.64,0.06527448320584606,0.6197223490958937,1.2734049498788091,0.7779821183564868,0.1630032338180658,0.10234915458788785
IranKhodro,30,0.0,3868.0,0.05408794178763253,0.5636280121368719,0.9670515064103895,0.9670515064103895,0.17053845499957587,0.09621333112967305
IranKhodro,30,0.02,3945.36,0.04425822138331092,0.507363872827608,0.7345615739380169,1.2071159245975758,0.18164035472912143,0.09234803268119902
IranKhodro,30,0.04,4022.7200000000003,0.035758891364311755,0.45204233163007124,0.5574281192475563,1.5098454125297067,0.19605781215872398,0.09073914546162458
IranKhodro,30,0.06,4100.08,0.028527635954599333,0.3986594157709724,0.42209797710941643,1.8894657172326519,0.2133615863325613,0.09124262981627378
IranKhodro,30,0.08,4177.4400000000005,0.02247321919460961,0.3480516406680829,0.3185641087238278,2.3632328929947324,0.23298414509911325,0.09360779172129882
IranKhodro,30,0.1,4254.8,0.01748379271366802,0.300870388475432,0.2393673066260329,2.951946334353146,0.2542668550682836,0.09750596431092584
IranKhodro,30,0.15,4448.2,0.008848183219425319,0.2004510727009362,0.11419479856513326,5.101709365916673,0.31018054916348703,0.11147017513798857
IranKhodro,30,0.2,4641.599999999999,0.004162055036656478,0.1261910586923125,0.05205354295351272,8.6696258513297,0.36227739790292324,0.1269564109131495
IranKhodro,45,-0.1,3481.2000000000003,0.13459842923789117,0.7915490839629956,2.2302369477893804,0.3743276693207691,0.1801209825752974,0.15449245071984197
IranKhodro,45,-0.05,3674.6,0.09831389008673298,0.6900125557722429,1.3149990112039585,0.5270895216912221,0.18085081957023763,0.13630753891097006
IranKhodro,45,-0.02,3790.64,0.07959497639659288,0.6233228207456007,0.9596138141833961,0.663428803681704,0.18698785720973876,0.12794666473501445
IranKhodro,45,0.0,3868.0,0.06847535950250677,0.5777623608592375,0.7777392956370808,0.7777392956370808,0.1936270722660398,0.12369150419288318
IranKhodro,45,0.02,3945.36,0.058453428784556775,0.5320654612371076,0.6299414970715416,0.9139428489431896,0.2022558316343157,0.12054030792113686
IranKhodro,45,0.04,4022.7200000000003,0.04951303148084813,0.4868374735006207,0.5096667519274765,1.075106535191856,0.21274637453162382,0.11847834566640461
IranKhodro,45,0.06,4100.08,0.04161834074834407,0.4426315098286514,0.41170296518675675,1.26465479846097,0.22490565962306053,0.11744730478998464
IranKhodro,45,0.08,4177.4400000000005,0.03471689011525676,0.39993268334677934,0.33188698565628805,1.486400988607651,0.23848828381379872,0.11735324215091558
IranKhodro,45,0.1,4254.8,0.028743140217947934,0.3591477223927504,0.26687722597193564,1.7445755974288835,0.25321093179326715,0.11807541255093668
IranKhodro,45,0.15,4448.2,0.017363306525037384,0.2674724102415127,0.1526604847488353,2.581197992257785,0.2929800075584408,0.12252390577847994
IranKhodro,45,0.2,4641.599999999999,0.010041170342110058,0.19238063908208658,0.08530028399959022,3.762092217928009,0.3332115163878757,0.12894348046819773
IranKhodro,60,-0.1,3481.2000000000003,0.14575968453834187,0.7762759791175496,1.60748175321006,0.37360926158223595,0.19060917013249434,0.16265003139435477
IranKhodro,60,-0.05,3674.6,0.1106733063624656,0.6865447396105875,1.0411593970114716,0.4940398665029111,0.19462416355472412,0.14975629546476577
IranKhodro,60,-0.02,3790.64,0.09229867246853307,0.6288284708561233,0.802382362121171,0.5939409292045701,0.20098042867442856,0.14362887198262222
IranKhodro,60,0.0,3868.0,0.08121955017180633,0.5896016155724864,0.6741532669591532,0.6741532669591532,0.2069116023037494,0.1403193997418432
IranKhodro,60,0.02,3945.36,0.07108194507311148,0.550257924156313,0.5660445947016861,0.7665333322007377,0.2141527258174587,0.1376438087813054
IranKhodro,60,0.04,4022.7200000000003,0.06187425903833124,0.5111895129610469,0.47484120711492106,0.8722539005341741,0.22262376214335733,0.13558781128282615
IranKhodro,60,0.06,4100.08,0.05357214768372152,0.47275828666794373,0.39787272666233076,0.992561089968514,0.23221327248282275,0.13411773930762874
IranKhodro,60,0.08,4177.4400000000005,0.04614022968935285,0.4352884081179863,0.3329149138148242,1.1287775089059098,0.2427842675502483,0.13318431829743843
IranKhodro,60,0.1,4254.8,0.039534056730033934,0.39906111364848085,0.27810936114625173,1.2823041350249667,0.25418049949113364,0.13272661291433563
IranKhodro,60,0.15,4448.2,0.02628220474809339,0.3153586761190621,0.17588612363198441,1.7517594137592751,0.28515737266151,0.13320368336007968
IranKhodro,60,0.2,4641.599999999999,0.016958020904465423,0.2431887573223106,0.10965151532954653,2.364128095475761,0.3175154448750761,0.13509518967993767
IranKhodro,90,-0.1,3481.2000000000003,0.16632487504324545,0.7619996738795825,1.0912294731421062,0.3640479776950325,0.20463926245866126,0.17446735644795514
IranKhodro,90,-0.05,3674.6,0.13277727864529615,0.6877062564821901,0.7820282912250127,0.44734291069785304,0.21080560022561468,0.16649483270740364
IranKhodro,90,-0.02,3790.64,0.11484122868152129,0.6409134612913086,0.6400555523372646,0.5110381221788924,0.216795339041445,0.16246152535518607
IranKhodro,90,0.0,3868.0,0.10382462019108453,0.6092748649288527,0.5598139444619066,0.5598139444619066,0.22173181842533496,0.16010397377907756
IranKhodro,90,0.02,3945.36,0.09356178273204935,0.5775425477366827,0.4894202962588321,0.6139710558117832,0.22739091149186041,0.15800676786090334
IranKhodro,90,0.04,4022.7200000000003,0.08404524482674336,0.5459282666477088,0.4276508997624451,0.6737927300023481,0.23373077163034695,0.15615781791655609
IranKhodro,90,0.06,4100.08,0.07526069884752867,0.5146294365514648,0.373442727796905,0.7395619379696816,0.24069874176146477,0.1545392901347638
IranKhodro,90,0.08,4177.4400000000005,0.0671877794792434,0.4838265759381599,0.3258707519369093,0.8115615222237031,0.24823328004805312,0.15312893657927326
IranKhodro,90,0.1,4254.8,0.059800929972740384,0.45368148882279014,0.2841286004494621,0.8900741962425558,0.2562659274391066,0.15190140017207054
IranKhodro,90,0.15,4448.2,0.044131495084763564,0.38207805209953105,0.20087107092781764,1.1167026154218203,0.2780377370463618,0.14945206111350942
IranKhodro,90,0.2,4641.599999999999,0.032013994059401044,0.31708278606722473,0.14106066879963852,1.3901913933176897,0.3012588286590201,0.1475463232290367
Khgostar,15,-0.1,4957.2,0.11080465981871492,0.8825530260655722,16.420822902901694,0.34164122810951225,0.17311740056054492,0.1604502920159497
Khgostar,15,-0.05,5232.599999999999,0.06966635858746628,0.7407774653566511,4.795946180620118,0.6636631844356433,0.15591677505775015,0.11906787621916769
Khgostar,15,-0.02,5397.84,0.04942125868090974,0.6308162451204403,2.432598117769081,1.0995399132295054,0.1630313496332021,0.1022002244191965
Khgostar,15,0.0,5508.0,0.03815540682293196,0.5522921351936543,1.5769969506990194,1.5769969506990194,0.17769906919360468,0.09698996708850059
Khgostar,15,0.02,5618.16,0.02873256414050123,0.47325285267777006,1.0327712707440964,2.2912385435737916,0.20039333201888665,0.09725080340173062
Khgostar,15,0.04,5728.320000000001,0.021091629571700958,0.396741711922144,0.679875035304464,3.3626954710013566,0.23020703971913803,0.1028543990874434
Khgostar,15,0.06,5838.4800000000005,0.015087542802336446,0.325355149350816,0.4476302812452462,4.976318214031584,0.2654954884831917,0.11310867294206381
Khgostar,15,0.08,5948.64,0.010516133272715418,0.26102409913153657,0.29336530435545827,7.414582832735665,0.3041125859337781,0.12687687695040195
Khgostar,15,0.1,6058.8,0.007142771007056432,0.20492203719159918,0.19056874857987127,11.105325844089798,0.34371584612396466,0.14276163432261757
Khgostar,15,0.15,6334.2,0.0024304471920910255,0.10206700793895485,0.061001069594423196,30.819738311832538,0.4335087053239499,0.1827428604031972
Khgostar,15,0.2,6609.599999999999,0.0007102989474949804,0.0448877483527218,0.017440421026525543,84.95133789412503,0.4956088457819341,0.2119964188599689
Khgostar,30,-0.1,4957.2,0.12396717094511336,0.824560745341534,4.004208060970089,0.3887344945019533,0.19149224726755576,0.17044560188509048
Khgostar,30,-0.05,5232.599999999999,0.0864297090401229,0.7086902476299202,2.0035812829115294,0.6091996162549558,0.19712785528309795,0.15478433118927232
Khgostar,30,-0.02,5397.84,0.06741308095633683,0.6289740692841785,1.3376524655428073,0.828228746879712,0.20915667658275527,0.14922480605421604
Khgostar,30,0.0,5508.0,0.05633332685849774,0.5737403000578041,1.0247596876212337,1.0247596876212337,0.22109928690318337,0.14753991658468324
Khgostar,30,0.02,5618.16,0.04654719607649435,0.5181491013947241,0.7859106623592478,1.2724542743401956,0.2360578592062279,0.1475307052505967
Khgostar,30,0.04,5728.320000000001,0.038028313135777855,0.4632850601451882,0.6027242433180211,1.5828415706179304,0.2537439188717048,0.1491355050464046
Khgostar,30,0.06,5838.4800000000005,0.030719425572189717,0.4101308786627016,0.461720395667778,1.9699718580900751,0.2737319351276961,0.15220586788027157
Khgostar,30,0.08,5948.64,0.024538272166667617,0.35952406334227915,0.3529304754487492,2.450890439728523,0.2954924606826139,0.15652364690309642
Khgostar,30,0.1,6058.8,0.01938447329432667,0.3121297855578228,0.26891253425875794,3.0461566248913323,0.31843092098257886,0.1618216293065955
Khgostar,30,0.15,6334.2,0.010254239900076819,0.2104170031206407,0.13360632003979056,5.20801345434103,0.3769189491883178,0.17742285969888344
Khgostar,30,0.2,6609.599999999999,0.0050842328515208375,0.13420900734217922,0.06397931725561046,8.779237929784347,0.43038573795207324,0.1930040338956269
Khgostar,45,-0.1,4957.2,0.13634527062442428,0.7988706364046609,2.2836137950939617,0.3970372350082001,0.20627341107154584,0.18130998523492933
Khgostar,45,-0.05,5232.599999999999,0.10065869801136988,0.7000732523201654,1.3644121693258136,0.5596849204954344,0.21713197940874363,0.1735694192077641
Khgostar,45,-0.02,5397.84,0.08220129542815621,0.6348155528623909,1.0052090235914828,0.7021325442301547,0.2289513873060085,0.17104409425258482
Khgostar,45,0.0,5508.0,0.07119844359119838,0.5900548131919466,0.8204579110371766,0.8204579110371766,0.23906974514667545,0.17033849574973722
Khgostar,45,0.02,5618.16,0.061242476963136026,0.5450057588555686,0.6696374437057198,0.9605554257313906,0.25087999708612774,0.17040504529928702
Khgostar,45,0.04,5728.320000000001,0.05231657036610784,0.5002577890583824,0.5462747786149338,1.1254259552377879,0.2642311425234296,0.17119911716963448
Khgostar,45,0.06,5838.4800000000005,0.04438702216373233,0.4563555759522334,0.44522202527562715,1.3184260960654375,0.27892311441014805,0.17264979553525284
Khgostar,45,0.08,5948.64,0.03740585042761617,0.41378312116612104,0.3623663244551669,1.5433006046695157,0.2947175424851376,0.17466585270808552
Khgostar,45,0.1,6058.8,0.03131378144187794,0.3729527409816211,0.29440517323191195,1.8042124199624001,0.3113495972782978,0.17714209698783026
Khgostar,45,0.15,6334.2,0.019519039296637754,0.2804975266346499,0.1733778490919644,2.645564719990852,0.3547603472763661,0.18460329263957198
Khgostar,45,0.2,6609.599999999999,0.011707695433618558,0.20391112102206121,0.1002337875403414,3.827617604815158,0.3974524649785396,0.19253203962610876
Khgostar,60,-0.1,4957.2,0.14789460556760806,0.7855586446811264,1.6474778514573738,0.39467902013837053,0.216662049844339,0.18964260438537056
Khgostar,60,-0.05,5232.599999999999,0.11339701289037851,0.6984870000106821,1.079604553875551,0.5221800485548316,0.22898379315402995,0.18540120099772467
Khgostar,60,-0.02,5397.84,0.09528601955860921,0.642141867827897,0.8388921098887736,0.62622840743601,0.24004414342743163,0.1841496973528211
Khgostar,60,0.0,5508.0,0.08433309425140108,0.6036896874071702,0.709084091064639,0.709084091064639,0.24891190670761687,0.18386418184833436
Khgostar,60,0.02,5618.16,0.07427842786628716,0.5649904045597856,0.5992302496367929,0.8039674932662118,0.25889969838689497,0.18399440785929536
Khgostar,60,0.04,5728.320000000001,0.06510953354049422,0.5264252897402673,0.5061638482304804,0.9120167826130909,0.2699116431240072,0.18450530335615822
Khgostar,60,0.06,5838.4800000000005,0.05680301458732225,0.4883501544469747,0.42725654154517634,1.0344454797943268,0.281828770630675,0.18535139720043842
Khgostar,60,0.08,5948.64,0.04932604382117063,0.4510876633382299,0.3603201185410225,1.1725459316637603,0.2945138950556081,0.1864797111520361
Khgostar,60,0.1,6058.8,0.04263802978971345,0.4149217899086187,0.3035267714036456,1.3276916912823173,0.3078167652636583,0.18783262492663225
Khgostar,60,0.15,6334.2,0.029053653150948863,0.3307841793211993,0.1964530789285175,1.7998893403841358,0.3427332219271546,0.19180862038370286
Khgostar,60,0.2,6609.599999999999,0.019284181320875213,0.25748782605738074,0.12575958285704747,2.412962888908176,0.3780611436413821,0.19594350239201877
Khgostar,90,-0.1,4957.2,0.1690652672873311,0.7743551802791304,1.1193410695884274,0.3823843519547012,0.22979702384469602,0.2010074772460066
Khgostar,90,-0.05,5232.599999999999,0.13610015663329325,0.7026212247889909,0.8099902287071508,0.4700532751648101,0.24224620748392445,0.1996966869925782
Khgostar,90,-0.02,5397.84,0.11843743586874902,0.657148018734345,0.6673582953197954,0.5361930539297481,0.2518440506123898,0.19946736172588694
Khgostar,90,0.0,5508.0,0.10756357193489421,0.6262723644516006,0.5864871140329777,0.5864871140329777,0.2590807086610305,0.1995193770311766
Khgostar,90,0.02,5618.16,0.09740937967136061,0.5951987603242966,0.5153378399648303,0.6420559190866342,0.2669409593980627,0.19971155977108113
Khgostar,90,0.04,5728.320000000001,0.0879664225504509,0.5641325605710805,0.45270793991055003,0.7031698638956929,0.2753741629653408,0.20001975281958623
Khgostar,90,0.06,5838.4800000000005,0.07922043339663841,0.5332672919799268,0.3975541977331969,0.7701008126681228,0.2843220832883664,0.2004176131041967
Khgostar,90,0.08,5948.64,0.07115199868405175,0.5027819895672312,0.3489698683128919,0.8431222685204032,0.2937204890115359,0.20087765117613127
Khgostar,90,0.1,6058.8,0.06373730221703026,0.4728392034786906,0.306165271713428,0.9225093773548856,0.3035007566002863,0.20137219467400255
Khgostar,90,0.15,6334.2,0.04787366965571732,0.40125955742549935,0.22012782985590906,1.1506453366467935,0.3291502319145303,0.20258603915663645
Khgostar,90,0.2,6609.599999999999,0.03542420874779584,0.3356747324122744,0.15751005103254556,1.4246480816547318,0.35561085970397177,0.2034797142080968
Shapna,15,-0.1,3154.5,0.1091194875826947,0.895262958725001,15.63641822561565,0.28123135766685126,0.14330654773387064,0.13296962575052465
Shapna,15,-0.05,3329.75,0.06600507635258326,0.7574542033880644,4.2676484329923445,0.5120210735948971,0.09235297706669066,0.06057257021839193
Shapna,15,-0.02,3434.9,0.04478902425892073,0.647252482595716,2.0496518912155004,0.8653118271894173,0.08726539635088648,0.033431551643365046
Shapna,15,0.0,3505.0,0.033189019183948426,0.5674286695174569,1.2734654403653867,1.2734654403653867,0.10130715630663567,0.028824679618197097
Shapna,15,0.02,3575.1,0.023743575469216297,0.4863869135647132,0.7945062735665316,1.9054661974267257,0.1305000428472174,0.03666518457249196
Shapna,15,0.04,3645.2000000000003,0.01637816738224191,0.40744203828973236,0.49456489537255677,2.8814384184105113,0.17383970898599377,0.05666591274811812
Shapna,15,0.06,3715.3,0.010884312230423257,0.3334812176708588,0.30513111411233984,4.388032393367343,0.22863964317380314,0.08707195263663736
Shapna,15,0.08,3785.4,0.006966116057052054,0.26669354683630286,0.18542574605910866,6.712332392620342,0.2909122200715355,0.12492759912669654
Shapna,15,0.1,3855.5000000000005,0.004293718192872907,0.2084433044195385,0.11038347099644841,10.290027345616751,0.3559913175441889,0.16656766454716726
Shapna,15,0.15,4030.7499999999995,0.00108905612301595,0.10210035717777166,0.026869451325530536,29.796120906912403,0.5030835766782922,0.26431834956581934
Shapna,15,0.2,4206.0,0.00022118139716191678,0.04381582273706164,0.005397188587601631,83.93394963305042,0.5994147557574305,0.3284343289644637
Shapna,30,-0.1,3154.5,0.12029153064445855,0.843156832543486,3.755668713409264,0.3197615099670519,0.15905904079813715,0.14191302278316034
Shapna,30,-0.05,3329.75,0.08073396717085086,0.7303085139459672,1.7848292639401597,0.4920009684319504,0.15029704104685848,0.1143881479433742
Shapna,30,-0.02,3434.9,0.060822112343537786,0.6507381278296187,1.1456936575479078,0.6781018070689453,0.1590138317369112,0.10713922818423949
Shapna,30,0.0,3505.0,0.0493819658340743,0.5949038647928312,0.8517956948512084,0.8517956948512084,0.17196273472217039,0.10749791774735586
Shapna,30,0.02,3575.1,0.039453151789899485,0.5382221403057033,0.6318902926313719,1.076473447919009,0.1907446982794232,0.11226328831397837
Shapna,30,0.04,3645.2000000000003,0.031009896457219653,0.4818679797518144,0.46706045632764837,1.3642150226468441,0.21505336901837224,0.12131855349899816
Shapna,30,0.06,3715.3,0.023976058885824637,0.4269307804518312,0.34347917758285873,1.7297254394047363,0.2442492661531237,0.13427427911937784
Shapna,30,0.08,3785.4,0.018235461226689554,0.3743597888578557,0.25096169966932824,2.1908008934631744,0.27741638315454265,0.15051196987748494
Shapna,30,0.1,3855.5000000000005,0.013644654368604972,0.3249271263719923,0.1819350222308984,2.768813130358305,0.31343903004836493,0.16924387291804055
Shapna,30,0.15,4030.7499999999995,0.006161039276959268,0.21837111138925436,0.07809023797794334,4.903988522334505,0.4079520524519724,0.22114502979953848
Shapna,30,0.2,4206.0,0.002526970332999728,0.13837100785709366,0.031262435117223264,8.478530792377516,0.49499551126573405,0.2700915224691706
Shapna,45,-0.1,3154.5,0.13117782771840616,0.8213929472968653,2.1285153605429077,0.33104948441370574,0.1767657624126946,0.15665770897931125
Shapna,45,-0.05,3329.75,0.0935068854981609,0.7254715810137596,1.2172833688512283,0.46263138031837747,0.1799964063020305,0.1436670105707072
Shapna,45,-0.02,3434.9,0.07416813932117287,0.66067016908321,0.8683647990392114,0.5859715827742915,0.19082537346600215,0.1416356855101253
Shapna,45,0.0,3505.0,0.06277228194203449,0.6156809437295492,0.6918713111952426,0.6918713111952426,0.20218228627718982,0.14312583520333136
Shapna,45,0.02,3575.1,0.05259801852864008,0.570010067422037,0.5500046161554835,0.8200777489558657,0.21684534212509377,0.14694358390924073
Shapna,45,0.04,3645.2000000000003,0.04363180153221611,0.5242923261387877,0.4359911154678566,0.9738359769666176,0.23465549063911606,0.15301033514879542
Shapna,45,0.06,3715.3,0.03583230061707408,0.47912840957297853,0.3444362073664593,1.156745422599812,0.2553289114619408,0.16114959861942002
Shapna,45,0.08,3785.4,0.029134730869374507,0.4350645156497259,0.27102782823451843,1.3727875433161505,0.2784758956665505,0.17110268622341127
Shapna,45,0.1,3855.5000000000005,0.023456209896726112,0.39257714717105296,0.21230412488855577,1.6263478809312941,0.3036242727131593,0.18254772688969148
Shapna,45,0.15,4030.7499999999995,0.0130781567436973,0.29565376475214666,0.11268737194799616,2.457005627549582,0.3717246640566023,0.21525533386097234
Shapna,45,0.2,4206.0,0.006882334432160401,0.2147567705284179,0.05761498916611574,3.6406143845382752,0.44050784038097546,0.2491498037784033
Shapna,60,-0.1,3154.5,0.14153423521325093,0.8111801799433604,1.5303768327673994,0.33299074806695805,0.1902352919015513,0.1687473892676516
Shapna,60,-0.05,3329.75,0.10507831943420988,0.7270169024847412,0.9647519889115905,0.43811296830744473,0.19806904775271383,0.16228666074925224
Shapna,60,-0.02,3434.9,0.08608027862838694,0.6713716490309596,0.7290572310102765,0.5290956832272449,0.20904382649057207,0.16235303319927044
Shapna,60,0.0,3505.0,0.07470337674083627,0.6329448284572302,0.6037034183586494,0.6037034183586494,0.21914858831507256,0.16421659796102786
Shapna,60,0.02,3575.1,0.06437322576739131,0.5939363015317869,0.4989676691980869,0.690869059852079,0.23145551338223602,0.167535198523578
Shapna,60,0.04,3645.2000000000003,0.055081362028774845,0.5547542252665965,0.41151004683378,0.79185744070534,0.245863479786115,0.1722489248679761
Shapna,60,0.06,3715.3,0.046801254753212215,0.5157887759738782,0.3385479694445248,0.9079981675726587,0.2622102533714934,0.17825145948231952
Shapna,60,0.08,3785.4,0.03949066852733196,0.47740215433927247,0.27775818109359807,1.0406875559278639,0.2802812155554468,0.18539774509608004
Shapna,60,0.1,3855.5000000000005,0.03309455348888055,0.43992080375922704,0.2271960815885692,1.1913889191642757,0.29981958741072834,0.19351266264702185
Shapna,60,0.15,4030.7499999999995,0.020665178431832482,0.3519393586096615,0.13545140849504556,1.657135788405931,0.35315268519718845,0.2167254505526774
Shapna,60,0.2,4206.0,0.012399564896368448,0.2744979512530126,0.0788571025346454,2.270768740907365,0.4090188511164796,0.2415369945943497
Shapna,90,-0.1,3154.5,0.16084657527711554,0.8048363466589048,1.036411540562613,0.3282918394821701,0.20814743364254773,0.18582895494624624
Shapna,90,-0.05,3329.75,0.12594264510560493,0.7362020877040004,0.7261878489166538,0.40198994480881134,0.2188246407883463,0.1848743276090723
Shapna,90,-0.02,3434.9,0.10736297301361405,0.6917966744409925,0.5850417025854848,0.4603520194403026,0.2289609503838479,0.18649453264349974
Shapna,90,0.0,3505.0,0.09601074675159862,0.6612951789691586,0.5058520475700501,0.5058520475700501,0.23730162450188375,0.1885129548940276
Shapna,90,0.02,3575.1,0.08549478257021204,0.6303323601896623,0.43685046445484255,0.5570051428632004,0.24687804007603886,0.19125919472666827
Shapna,90,0.04,3645.2000000000003,0.07581084389145733,0.5991253846903131,0.3767614598825755,0.6141294225936591,0.2576362618283865,0.1946929837112375
Shapna,90,0.06,3715.3,0.06694495442982941,0.5678839591195308,0.3244719214581906,0.6775369630257617,0.2695006188740756,0.19875835472365128
Shapna,90,0.08,3785.4,0.05887442548911211,0.5368067470362275,0.2790093594436165,0.7475339423146823,0.2823766693112233,0.20338643990945285
Shapna,90,0.1,3855.5000000000005,0.05156907675190802,0.5060784624746766,0.23952313943556058,0.8244206231935882,0.2961544318789786,0.20849841704841693
Shapna,90,0.15,4030.7499999999995,0.03640345972219364,0.4318464282559308,0.16228807294184744,1.0486947045603983,0.33372162329539545,0.2228229441093065
Shapna,90,0.2,4206.0,0.025108520101661824,0.36293247201955925,0.10863463109769667,1.3222682422059187,0.3740582952942504,0.23822674789535317
VebMellat,15,-0.1,2473.2000000000003,0.11179851488854417,0.9188976192431408,16.901398278799636,0.37865209384833554,0.2874064098379636,0.2823974481595105
VebMellat,15,-0.05,2610.6,0.0715255701701877,0.7612653820337583,5.085056346540973,0.7466491067164371,0.3467747724039949,0.32560856042756925
VebMellat,15,-0.02,2693.04,0.05167112681146856,0.6236752163444503,2.6363441523740954,1.2241606573827561,0.37205062163950053,0.33177440026261334
VebMellat,15,0.0,2748.0,0.04053852987103968,0.523255451114189,1.7373471731296029,1.7373471731296029,0.3787875179919733,0.3218235815595634
VebMellat,15,0.02,2802.96,0.031129146167582222,0.4233189171714239,1.1587216288048094,2.4951634410732537,0.37623365694647415,0.30032022305554235
VebMellat,15,0.04,2857.92,0.023386692018071465,0.3298752851664274,0.7786171515050448,3.6191322737944054,0.36517675013293016,0.269292029301386
VebMellat,15,0.06,2912.88,0.017186324986013947,0.247492103498114,0.5247583719574045,5.29472963392811,0.34767364656484157,0.23217827784210854
VebMellat,15,0.08,2967.84,0.012353713324815855,0.17878064830839802,0.35320961887624525,7.803927544479279,0.3264055348708481,0.1928982108561956
VebMellat,15,0.1,3022.8,0.008686936486642462,0.12439759112031712,0.2365257154833309,11.57260172365245,0.3040179606971021,0.1549755485365152
VebMellat,15,0.15,3160.2,0.003278029299426089,0.042865257975289284,0.0831748478238381,31.48473652989683,0.2554215171321388,0.08018482978849145
VebMellat,15,0.2,3297.6,0.0010871968131242822,0.011929542233309887,0.02682294290306597,85.74395463260326,0.2260122422530968,0.03931298100388478
VebMellat,30,-0.1,2473.2000000000003,0.12595362775269497,0.8483921689170042,4.144350598798303,0.4276259182912674,0.28931216591096254,0.2780721762837341
VebMellat,30,-0.05,2610.6,0.08926344085174095,0.7066265762431885,2.1192818987461055,0.6711874131761639,0.31660362828891553,0.2887509599598495
VebMellat,30,-0.02,2693.04,0.07060654878170283,0.6041430243897696,1.4372763227839025,0.9061424668906637,0.3267312984114734,0.2839007609582086
VebMellat,30,0.0,2748.0,0.059671987359877963,0.5328695452703485,1.1139803638848895,1.1139803638848895,0.32975061808175443,0.27505547439777384
VebMellat,30,0.02,2802.96,0.049947167945492386,0.46195130688922914,0.8652438828177322,1.373400598099689,0.32959139277981087,0.2618748138580965
VebMellat,30,0.04,2857.92,0.041406054100418165,0.393554537406157,0.6728026367878877,1.695775151432409,0.3263928097786559,0.24490787596051244
VebMellat,30,0.06,2912.88,0.0339976273842976,0.3295018401158484,0.5232294135366511,2.0949479155021034,0.3205222052103338,0.22498477076330442
VebMellat,30,0.08,2967.84,0.02765051251763513,0.2711591045043942,0.4065686265204347,2.5877041090906516,0.31250827443221696,0.20310061123960976
VebMellat,30,0.1,3022.8,0.022278290574302227,0.21939147390529468,0.31536926343092997,3.1942922902235207,0.30296425848171515,0.18029314530695356
VebMellat,30,0.15,3160.2,0.012472995643250143,0.12023292663077312,0.1649860851005518,5.379859711941659,0.2763845414784949,0.12524796798877913
VebMellat,30,0.2,3297.6,0.006612647801506633,0.0598079297018318,0.08406847158923259,8.963881199489444,0.25179774091011087,0.08061307151966418
VebMellat,45,-0.1,2473.2000000000003,0.13905857233345287,0.8090248047289441,2.368498091836428,0.4331518729092527,0.28385340764092915,0.2686044279536708
VebMellat,45,-0.05,2610.6,0.10419474235718676,0.6834920558592954,1.4411852805901746,0.6103283174005891,0.30051108155999273,0.26967615943511763
VebMellat,45,-0.02,2693.04,0.08609275267802115,0.5984354134103744,1.0755215081721867,0.7618176777311676,0.3065787968544684,0.2630575148844933
VebMellat,45,0.0,2748.0,0.07524913063341905,0.5402340143712561,0.8861535345683904,0.8861535345683904,0.30857797148265,0.2553797364546525
VebMellat,45,0.02,2802.96,0.06538486544305501,0.4823260629928413,0.7306153271988998,1.0321581085670308,0.3088775708229139,0.24522055064784043
VebMellat,45,0.04,2857.92,0.05648256227098932,0.425895408237161,0.6025298024611552,1.2027510784622533,0.307530150776931,0.23284633501962357
VebMellat,45,0.06,2912.88,0.04851123726047292,0.3719713594012519,0.49682243698946493,1.401203509495918,0.30466962557835053,0.21863050739295317
VebMellat,45,0.08,2967.84,0.04142840421609033,0.32138618856461554,0.40943570336903257,1.6311709356547772,0.300493032297914,0.20301822221387844
VebMellat,45,0.1,3022.8,0.03518241182313745,0.27475382256752934,0.3371083932520267,1.8967251064296495,0.29523954375900896,0.18648886078127166
VebMellat,45,0.15,3160.2,0.02283511902009331,0.1775484527995368,0.2060682424302227,2.7471304217200982,0.27910273695042354,0.1442093799797359
VebMellat,45,0.2,3297.6,0.014351508445731758,0.10802293050378131,0.1244005669689312,3.933656858601374,0.2616912762343351,0.10531793442155832
VebMellat,60,-0.1,2473.2000000000003,0.1511877684375407,0.7841646941595595,1.7105822430779156,0.4279221201791583,0.2786072438622149,0.2606279338033329
VebMellat,60,-0.05,2610.6,0.11749904829622619,0.6710007293675073,1.1391076473642983,0.5657337239721467,0.29029140505888584,0.2577712579536223
VebMellat,60,-0.02,2693.04,0.09974709034269579,0.5967960003855667,0.8950285324482279,0.6758727800270363,0.29458057584453834,0.25085884102848943
VebMellat,60,0.0,2748.0,0.08896659106412026,0.5464319462316231,0.7626509544175211,0.7626509544175211,0.2961111291893679,0.24402186463984937
VebMellat,60,0.02,2802.96,0.07902675376711421,0.4963232820479778,0.6500508542271253,0.861294272002366,0.2965514711812507,0.23550197288853808
VebMellat,60,0.04,2857.92,0.06991423541904106,0.44723902970129625,0.5541219685969379,0.9728977625350104,0.29592872931927494,0.22546103072795853
VebMellat,60,0.06,2912.88,0.06160694097461894,0.3998587509001902,0.47228723612944656,1.0986333047453916,0.2943088611336484,0.2141145512265133
VebMellat,60,0.08,2967.84,0.05407522905103841,0.35475203149539847,0.4024014727381211,1.2397534026213068,0.2917892180290129,0.2017162414538902
VebMellat,60,0.1,3022.8,0.04728323103893842,0.31236717835086913,0.34267270267131344,1.3975940983200665,0.2884901393365715,0.188541727641365
VebMellat,60,0.15,3160.2,0.03326378305889529,0.22014828293333988,0.2285035074389996,1.8748924096408195,0.27773043499635897,0.1540372631067904
VebMellat,60,0.2,3297.6,0.02289544371188785,0.14865793393221438,0.1513093091095834,2.4904219386462785,0.26509952278550064,0.12039790458611968
VebMellat,90,-0.1,2473.2000000000003,0.1732649651381873,0.7547971094254898,1.16334303469382,0.41108555011945125,0.27054655224734114,0.24906945362261004
VebMellat,90,-0.05,2610.6,0.14110013879930194,0.6587551353768468,0.8531037250680225,0.5050695617302783,0.27767353246462645,0.2433202250067933
VebMellat,90,-0.02,2693.04,0.12381088460165665,0.5978227581901971,0.7092185321508899,0.5747602924388822,0.2803807705853212,0.23667989334257705
VebMellat,90,0.0,2748.0,0.11313255811467654,0.5568029848854046,0.6272785194147654,0.6272785194147654,0.28146604326626123,0.2309434336526494
VebMellat,90,0.02,2802.96,0.10312834234692232,0.5159924070517266,0.554908704113342,0.6849358432756498,0.2819684791286079,0.2242219103004388
VebMellat,90,0.04,2857.92,0.09378881554246149,0.4758081017018053,0.49093418184671456,0.7479867066257397,0.2818993789301243,0.2165970463123311
VebMellat,90,0.06,2912.88,0.08509990851318124,0.4366245840069074,0.43433707101317975,0.8166889120711882,0.2812835997556269,0.2081706594142019
VebMellat,90,0.08,2967.84,0.07704347236720016,0.3987668362592487,0.3842336177448067,0.8913037760367819,0.2801573706781,0.1990597110173517
VebMellat,90,0.1,3022.8,0.0695978779760509,0.3625062078336837,0.33985483604299516,0.9720961369673444,0.27856592125590196,0.1893912110927897
VebMellat,90,0.15,3160.2,0.053490096801202966,0.2801279460400252,0.24975743964832642,1.202871653076484,0.27290194853466243,0.16364785701320206
VebMellat,90,0.2,3297.6,0.040607376381989795,0.21089046479904627,0.18308160346829738,1.4782130727344827,0.26554940712303643,0.13724676764908475
