Asset,Horizon(days),WF_AUC
Fameli,3,0.5185
Fameli,5,0.5264
Fameli,10,0.5159
Fameli,15,0.5685
Fameli,20,0.4971
Fulad,3,0.4997
Fulad,5,0.5325
Fulad,10,0.5533
Fulad,15,0.5505
Fulad,20,0.5938
IranKhodro,3,0.5201
IranKhodro,5,0.5151
IranKhodro,10,0.5171
IranKhodro,15,0.4892
IranKhodro,20,0.4985
Khgostar,3,0.47
Khgostar,5,0.4843
Khgostar,10,0.4628
Khgostar,15,0.4993
Khgostar,20,0.449
Shapna,3,0.5169
Shapna,5,0.4888
Shapna,10,0.5292
Shapna,15,0.5645
Shapna,20,0.5311
VebMellat,3,0.5215
VebMellat,5,0.5085
VebMellat,10,0.4674
VebMellat,15,0.5367
VebMellat,20,0.5754
