Asset,Horizon_days,WF_Skill,Selected
Fameli,10,-0.10694026406768575,True
Fameli,15,-0.19275949660441904,False
Fameli,20,-0.2759592110594118,False
Fameli,30,-0.31771745623577075,False
Fulad,10,-0.20803595923836346,False
Fulad,15,-0.2123445667202334,False
Fulad,20,-0.19136135828616005,True
Fulad,30,-0.23870279397836494,False
IranKhodro,10,-0.1572109702441451,True
IranKhodro,15,-0.24343444379596516,False
IranKhodro,20,-0.31276555784112453,False
IranKhodro,30,-0.376530952066479,False
Khgostar,10,-0.16196970114752998,False
Khgostar,15,-0.2192968753630474,False
Khgostar,20,-0.17820186528772664,False
Khgostar,30,-0.1457901652785809,True
Shapna,10,-0.10255842696590278,True
Shapna,15,-0.1538433568294001,False
Shapna,20,-0.17783856632734932,False
Shapna,30,-0.21080177116506035,False
VebMellat,10,-0.10873358607838246,False
VebMellat,15,-0.09334595580421416,False
VebMellat,20,-0.07620196008562748,True
VebMellat,30,-0.1388357999316295,False
