date,actual_price,pred_ensemble,pred_lightgbm,q10,q90
2023-06-07,1515.3120145696075,1727.859264837919,1724.9033649051514,1457.52855562531,2231.876139373206
2023-06-10,1485.7061285706636,1642.5105526249595,1669.056548930561,1385.89199145469,2114.774658262313
2023-06-11,1461.8304140553862,1670.3627033611976,1697.0423966646847,1407.9340111994961,2194.271243511449
2023-06-12,1410.8955564227942,1695.138795214738,1697.804091154432,1432.7312834124032,2169.450177714748
2023-06-13,1427.1310422931829,1687.2138007589147,1669.3042328346105,1438.2417883486046,2166.2291904627536
2023-06-14,1373.6494417789615,1702.3434360612405,1693.9345240142834,1454.7733031572093,2191.1283765600265
2023-06-17,1311.890926899444,1752.1052403762817,1748.4740825526221,1501.6125951149224,2279.9878923379097
2023-06-18,1387.9748704881279,1716.6038303629393,1740.2491934332927,1468.549565497713,2123.417017953284
2023-06-19,1421.0825279493126,1699.6390204662432,1729.5362595094766,1449.2627982210079,2071.474438131436
2023-06-24,1382.5630418646651,1604.69999872531,1630.3549079657944,1355.5842143055813,1899.9487994726571
2023-06-25,1411.213899282998,1563.396090219302,1591.9878985022933,1317.0106797521705,1908.4656149493803
2023-06-26,1460.2386997543676,1528.3504008931318,1574.668174332252,1289.4581550711628,1906.8375104710606
2023-06-27,1471.0623570012933,1535.806056814913,1583.1198654681805,1297.723912475465,1894.9453944262548
2023-06-28,1461.5120711951824,1565.4932866214522,1590.59015411297,1322.5211846883722,1865.8983592977486
2023-07-01,1452.280128249275,1576.696859695528,1588.3889058338088,1338.5016490033565,1888.444631139263
2023-07-02,1412.4872707238128,1571.4669470288684,1584.138379737506,1326.471246016452,1883.3911564161651
2023-07-03,1427.1310422931829,1560.1780703495194,1562.0070198974734,1320.44805356808,1864.8829180645002
2023-07-04,1448.141671066627,1567.5250813551465,1576.563855142118,1323.18586831734,1868.7495631361664
2023-07-05,1478.3842427859784,1563.0014365079735,1578.9546415270445,1320.721835043006,1865.269582571667
2023-07-08,1466.9238998186452,1551.6968560095736,1562.399103632563,1317.71023881882,1861.0162729928343
2023-07-09,1461.1937283349787,1536.1727486608265,1547.9383078443416,1303.1998206477422,1856.3830527154405
2023-07-10,1429.6777851748125,1506.6085259253362,1499.8837643195016,1277.7381434796246,1779.8785596792945
2023-07-11,1434.7712709380717,1483.6849518483573,1493.8875742631853,1257.2045328601748,1770.1601381892933
2023-07-12,1447.8233282064236,1432.1318342001468,1408.576844967704,1213.3994968720153,1710.5262209527525
2023-07-15,1421.4008708095164,1452.322627139357,1439.6436844426994,1227.3623520932413,1711.003887875705
2023-07-16,1421.4008708095164,1398.0206991948792,1375.6826975450026,1181.367064305674,1648.6107975891791
2023-07-17,1406.757099240146,1336.3405765960297,1321.7960011984671,1128.2534581700306,1574.4901730857491
2023-07-18,1407.3937849605536,1411.849835665901,1401.4883095890732,1201.2900760919379,1704.8874767233904
2023-07-19,1412.8056135840163,1445.486220468366,1434.9183059645923,1229.944701760186,1744.9247288089473
2023-07-22,1397.8434991544427,1397.5050135672354,1400.3916138360744,1189.0329456036018,1695.905147489715
2023-07-23,1404.847042078924,1426.4453629865188,1427.0089695093134,1213.6732783469415,1731.0493941565524
2023-07-24,1441.774813862553,1476.921216415602,1476.1290763899533,1255.8356254855448,1753.7479248351729
2023-07-25,1487.9345285920895,1484.9680280540877,1487.07051711314,1265.1441956330286,1766.747146427585
2023-07-26,1495.8931000971816,1470.3380415234187,1470.5241856179623,1256.9307513852489,1755.2772450225154
2023-07-29,1496.848128677793,1455.7103439431191,1461.235315789402,1248.9910886123948,1744.1896736642811
2023-07-30,1515.3120145696075,1415.872139376447,1423.094322777874,1234.0840569550849,1696.3984178098237
2023-07-31,1508.9451573655335,1432.2500864163,1437.8480615310364,1246.8782572300304,1704.1484062656345
2023-08-01,1492.709671495145,1447.2274670718841,1430.7263965491627,1265.2351532766916,1720.0543673165103
2023-08-07,1504.170014462478,1476.8602849033807,1462.5143382502552,1291.6579581923402,1755.9754851215375
2023-08-08,1525.498986096126,1465.492954286091,1451.6227592676455,1281.6451058032524,1742.3632720585797
2023-08-09,1507.3534430645152,1459.517228660661,1436.807647472115,1276.6386796087086,1735.557165527101
2023-08-12,1501.3049287206447,1424.4555645099,1426.5122718341008,1249.1033355387167,1712.7565055752543
2023-08-13,1491.4363000543299,1432.7498529865024,1431.5944798833873,1253.553492156089,1718.8585104938034
2023-08-14,1492.3913286349411,1446.513195217027,1439.6232401133427,1264.957018488106,1719.676250286984
2023-08-15,1487.2978428716817,1420.6120595288032,1413.1304547117568,1241.8718310354866,1702.840747582612
2023-08-16,1483.4777285492378,1420.708872593736,1412.650535216857,1241.8718310354866,1702.840747582612
2023-08-19,1469.152299840071,1399.4739052678676,1387.8882783720126,1229.0776307605408,1685.2974834417832
2023-08-20,1455.7818997115155,1401.5192324747636,1399.4856825780694,1229.6339003377125,1686.060234056602
2023-08-21,1444.95824246459,1404.6331367929497,1390.5556596994952,1234.3621917436706,1678.0833770390575
2023-08-22,1443.3665281635715,1396.0234102835786,1374.6970839823284,1221.289856680139,1660.3118766513073
2023-08-23,1433.8162423574606,1403.5388980876728,1385.9073039288412,1227.4088220290264,1668.6304513008927
2023-08-26,1433.4978994972569,1444.7039922015178,1434.6377913298227,1259.6724575049761,1712.4920267259783
2023-08-27,1453.55349969009,1481.771093014528,1453.645935334786,1300.0020018499135,1767.3189960073357
2023-08-28,1430.6328137554235,1488.6192890709258,1461.4211061485148,1306.955371564558,1776.7719217455005
2023-08-29,1427.7677280135904,1486.9771239790452,1462.3541266461625,1307.7897759303153,1777.9062728340805
2023-08-30,1436.3629852390902,1510.340586237044,1501.032790481918,1323.9215936682904,1799.8370605466234
2023-09-02,1436.9996709594975,1504.501357116918,1504.2359220186127,1318.3588978965747,1792.2747199560913
2023-09-03,1425.2209851319608,1490.2831482896022,1493.1712189537707,1304.1740236787002,1772.9907514502347
2023-09-04,1383.83641330548,1503.1144122967942,1508.022468949561,1314.1868760677883,1786.6029645131923
2023-09-05,1383.83641330548,1521.3103403032533,1511.1237672246536,1332.8219069030351,1811.9368054914746
2023-09-09,1385.1097847462947,1506.7004015440086,1516.588156630523,1316.9682239536457,1790.3841348084582
2023-09-10,1385.4281276064983,1500.0708241939365,1524.7337012295884,1311.683662970516,1783.1999112474527
2023-09-11,1373.012756058554,1489.1746304101014,1506.247410831327,1292.600735016276,1771.4782833321283
2023-09-12,1373.3310989187578,1494.7003488989612,1521.1760195843553,1293.4284409298402,1772.612634420708
2023-09-13,1384.4730990258872,1493.466015206877,1532.9388215857437,1302.5203173119712,1810.6823902798096
2023-09-17,1394.023384831998,1493.9938134117838,1531.96335203679,1299.1748027983274,1808.8344835918601
2023-09-18,1404.5286992187202,1484.896251205397,1511.1757746713188,1286.6291233721636,1791.367197806102
2023-09-19,1404.5286992187202,1474.2409596368439,1512.2569766929412,1274.91982257441,1762.9085167644143
2023-09-20,1404.5286992187202,1464.6680941757245,1501.0134303978264,1265.4408647857529,1749.8013902457199
2023-09-23,1439.8647567013309,1462.4151856175977,1499.3599677073682,1264.046900405068,1747.8738716400294
2023-09-25,1460.2386997543674,1460.6762616839455,1493.6249122936604,1255.6831141209586,1741.0840281549674
2023-09-26,1461.1937283349787,1462.5776764651264,1493.2932904214815,1255.4043212448216,1740.7629539004408
2023-09-27,1401.663613476887,1489.5494797275805,1514.1854683687507,1272.9682724414513,1765.5449921448337
2023-09-30,1420.4458422289051,1465.2971128030574,1487.766559158001,1252.8951853595888,1731.253293213411
2023-10-01,1444.3215567441825,1466.2227794325324,1484.787053365295,1250.386049474356,1727.7861637877502
2023-10-02,1444.6398996043863,1475.7930390132024,1493.7255707434138,1257.9134571300544,1741.9613100795511
2023-10-04,1433.8162423574606,1476.6347250567003,1493.0513626520801,1255.5004356761895,1742.733456050331
2023-10-07,1467.2422426788487,1481.739127095652,1501.9969099163372,1248.1557064652602,1734.7242323325374
2023-10-08,1469.7889855604785,1434.8440719073626,1463.4159366738331,1209.0519259823652,1721.7468406100834
2023-10-09,1470.7440141410896,1427.3361572096278,1450.1426709741588,1209.0519259823652,1673.2608718279685
2023-10-10,1479.975957086997,1426.9414562242343,1444.9469766594661,1210.1644651367083,1667.465080129998
2023-10-11,1487.9345285920892,1430.6586684991973,1451.8106519621665,1210.442599925294,1676.7812092766637
2023-10-14,1486.0244714308674,1420.524713201501,1447.1390609624953,1199.5953431704488,1661.8651653738339
2023-10-15,1488.8895571727005,1418.3313909942203,1440.0733550318805,1199.8734779590345,1664.8400864425582
2023-10-16,1497.4848143982003,1432.9610013236068,1443.8856660576516,1209.6081955595366,1665.4515996410287
2023-10-17,1486.9795000114784,1443.3874480193385,1456.238431563173,1217.9522392171098,1676.940113779734
2023-10-18,1461.1937283349787,1450.6266842524944,1460.8970670027247,1227.1306872404405,1713.1271702675117
2023-10-21,1423.3109279707387,1445.6112036987397,1452.2620176050013,1227.1306872404405,1703.354011540554
2023-10-22,1420.7641850891089,1442.1212844270963,1455.531751817763,1227.1306872404405,1705.9974825543159
2023-10-23,1421.71921366972,1481.3344806558187,1474.7934000736066,1258.0036487734615,1748.9180901163127
2023-10-24,1423.947613691146,1496.0914460269316,1488.2438422374573,1275.8042752429512,1770.916783983799
2023-10-25,1401.9819563370907,1495.5559392745643,1487.296241778512,1276.6386796087086,1772.0750029399687
2023-10-28,1399.7535563156648,1433.634594769757,1444.5278369026605,1224.6274741431685,1664.8492810056266
2023-10-29,1399.7535563156648,1453.9769011276496,1457.2985453484348,1241.0374266697293,1687.158185747696
2023-10-30,1399.435213455461,1478.552528661893,1469.2776339530606,1261.8975358136622,1715.5169629621912
2023-10-31,1402.9369849177017,1477.0894956841446,1482.1203045251452,1262.1756706022481,1715.8950799917177
2023-11-01,1444.3215567441823,1463.148686362625,1471.0158333145118,1252.7190877903317,1703.0391009878135
2023-11-04,1482.5226999686267,1477.4505532083494,1448.9128744549407,1281.923240591838,1742.7413890881064
2023-11-05,1484.114414269645,1478.2446433625362,1485.5417782130473,1284.1483189005244,1745.7663253243193
2023-11-06,1499.076528699219,1475.6984937088407,1486.5070425263762,1284.9827232662817,1748.6745744814755
2023-11-07,1499.076528699219,1482.0333125916982,1487.8882620291251,1293.0486321352691,1759.6511031957532
2023-11-08,1478.7025856461821,1488.218796111036,1495.8893819582988,1300.0020018499135,1782.5481868311597
2023-11-11,1464.6954997972193,1479.061957995764,1490.5378926266771,1298.3331931183989,1765.0502938301759
2023-11-12,1455.1452139911084,1482.1629013455358,1493.411680337397,1300.8364062156709,1768.4533470959154
2023-11-13,1447.186642486016,1490.0513654829238,1494.0637654636814,1308.346045507487,1781.4228507490682
2023-11-14,1440.5014424217381,1483.9923790790021,1503.4825670366838,1299.1675974841564,1768.9256241175378
2023-11-15,1453.2351568298861,1463.6034002973026,1467.2078874521517,1276.6386796087086,1753.2293185252115
2023-11-18,1464.6954997972193,1428.1884938011049,1425.494921203344,1243.5406397670013,1692.2779269494972
2023-11-19,1521.3605289134775,1429.178379635849,1433.198960648145,1241.315561458315,1709.08447168992
2023-11-20,1522.9522432144965,1430.2610331273297,1433.1350607028062,1242.1499658240723,1708.6135466404987
2023-11-21,1518.1771003114409,1430.0293699870278,1430.19625371569,1244.096909344173,1712.91392378871
2023-11-22,1529.0007575583666,1411.31147743547,1419.764597526875,1224.9056089317542,1666.9183606096144
2023-11-25,1529.9557861389778,1419.9024168068547,1441.4877962879843,1222.9586654116538,1665.307895943715
2023-11-26,1537.9143576440702,1417.8483551820061,1441.4877962879843,1222.9586654116538,1661.1042897342447
2023-11-27,1528.6824146981626,1418.3596330065116,1433.5045699582674,1222.680530623068,1680.226149695483
2023-11-28,1593.3648293963258,1424.7383847115857,1444.8448740832637,1225.7400132975115,1667.465868184644
2023-11-29,1596.5669291338584,1459.2846204568314,1449.2806248724507,1261.8975358136622,1718.1793099167776
2023-12-02,1610.0157480314963,1493.3252469886995,1487.612931459335,1295.2737104439555,1760.8910065053833
2023-12-03,1615.1391076115488,1492.12530597081,1489.2101109004552,1296.6643843868844,1762.7815916530164
2023-12-04,1614.4986876640419,1498.7166840866153,1498.708141610582,1309.7367194504156,1780.5530920407666
2023-12-05,1614.4986876640419,1498.971438050847,1498.708141610582,1309.7367194504156,1780.5530920407666
2023-12-06,1597.207349081365,1477.3350314380943,1468.3473305362847,1291.936092980926,1756.3536021510643
2023-12-09,1588.2414698162731,1475.672902147649,1511.533005466257,1279.698162283152,1739.7164528518936
2023-12-10,1585.6797900262468,1469.4948919422034,1509.700666780121,1271.3541186255788,1728.3729419660958
2023-12-11,1570.9501312335958,1460.9112620464007,1498.8825888877157,1267.3924149187117,1739.1029442831036
2023-12-12,1571.5905511811025,1455.0998171543463,1491.958582207856,1261.537764519835,1729.4297583362238
2023-12-13,1573.5118110236222,1467.0931120482317,1506.9543157421797,1269.685309894064,1746.3715223608376
2023-12-16,1571.5905511811025,1480.376304151199,1518.838292821417,1269.424969436475,1776.3950089817267
2023-12-18,1555.5800524934386,1522.3071290778776,1518.642544379228,1308.401668671336,1820.0294845181656
2023-12-19,1535.727034120735,1520.6996252187337,1520.2314150052787,1309.770576045966,1824.5746592768255
2023-12-20,1523.5590551181106,1515.9330190059463,1515.4648031271267,1305.6638539220762,1818.8537939153807
2023-12-23,1533.1653543307089,1526.8187328047559,1519.5670662917416,1325.1571676164724,1818.0151740002389
2023-12-24,1522.9186351706037,1528.745862415836,1520.516202498045,1325.9848735300368,1832.9652618069447
2023-12-25,1512.0314960629923,1536.2451348524064,1525.7489868570435,1332.8824228097394,1826.7586482733361
2023-12-26,1506.9081364829397,1527.516861761896,1522.3044444594495,1324.8812656452842,1815.7928025271287
2024-01-10,1504.98687664042,1608.7705882909313,1555.7951706115798,1380.940338887921,1919.6535705986535
2024-01-13,1507.5485564304463,1632.1830694081923,1603.763185862933,1383.7155405335961,1911.7816443674446
2024-01-14,1490.2572178477692,1644.0947138095146,1617.2726230483006,1395.3713874454315,1927.885701540215
2024-01-15,1499.8635170603675,1651.982903716018,1622.419075309393,1399.8117100785116,1934.020580463175
2024-01-16,1456.9553805774278,1651.0949645450032,1619.6838361002556,1399.2566697493764,1948.635177792367
2024-01-17,1425.5748031496064,1659.1675125692682,1629.376708062553,1399.2566697493764,1948.635177792367
2024-01-20,1439.023622047244,1638.5224151764216,1619.317112347212,1384.270580862731,1927.765225471703
2024-01-21,1444.1469816272968,1634.3808103909523,1602.9828375967536,1376.5000162548408,1916.9437687128402
2024-01-22,1444.1469816272968,1644.3782982834746,1627.3744563881482,1374.2798549383008,1953.7648347671704
2024-01-23,1443.5065616797901,1631.2700990395906,1612.2574884976282,1375.7798905059014,1974.5834231979786
2024-01-24,1437.1023622047246,1629.1382042888758,1611.3107594729202,1376.3407465558428,1936.405050290241
2024-01-27,1408.2834645669293,1636.0382324548248,1616.3948018831936,1378.0233147056665,1976.7818268503272
2024-01-28,1401.8792650918635,1639.951829597195,1627.089706257541,1376.3407465558428,1997.8377416525966
2024-01-29,1408.2834645669293,1614.439638585438,1618.975943232121,1362.3193453073113,1983.146589977982
2024-01-30,1439.6640419947507,1598.2357993668734,1598.3138377400683,1344.9328077591324,1957.8367734735286
2024-01-31,1495.3805774278217,1592.3704418071534,1577.3620257484474,1334.2765428102487,1942.32430529338
2024-02-03,1455.0341207349084,1604.0072217626712,1584.2895455225143,1342.6893835593676,1902.5861140865275
2024-02-04,1458.2362204724411,1593.798498560162,1570.3941952994903,1333.7156867603073,1911.2267076684254
2024-02-05,1455.6745406824148,1583.5490676390207,1559.1676598410838,1324.181133911306,1872.749988802005
2024-02-06,1442.8661417322835,1578.533427435626,1553.8845843312452,1319.694285511776,1866.404372575653
2024-02-07,1434.5406824146983,1598.573407195381,1577.0461236748251,1314.900565041432,1826.8325296475589
2024-02-10,1440.3044619422574,1592.050242844256,1575.5208514832686,1317.1386936627791,1827.0401365882933
2024-02-12,1475.5275590551182,1578.992589195086,1580.7620652448406,1302.031325468686,1832.5579440061965
2024-02-13,1461.4383202099739,1592.7873825864601,1574.5731880871049,1310.4243077987376,1808.0187051610112
2024-02-14,1446.0682414698165,1533.9622499413333,1501.2708934839254,1272.9356533911734,1778.1353454619198
2024-02-17,1465.9212598425197,1504.78677008275,1492.856546393497,1245.5185777796712,1735.2111036658557
2024-02-18,1528.0419947506564,1521.7439566128094,1504.2099909271878,1257.2687530417436,1812.4577471894918
2024-02-19,1572.8713910761157,1527.5141598037665,1516.3875398855819,1261.745010284438,1782.382076983874
2024-02-20,1583.1181102362207,1524.5914903967823,1509.565433707525,1261.745010284438,1785.1626164005454
2024-02-21,1562.6246719160106,1517.33948414015,1489.4810354943802,1261.185478129101,1742.20838789561
2024-02-24,1550.456692913386,1513.8190395677282,1486.8756969565932,1255.5901565757333,1748.1815399610698
2024-02-26,1543.4120734908138,1497.749743387151,1478.7300222653632,1230.4112095855783,1798.717707616811
2024-02-27,1511.3910761154857,1486.5459324204298,1461.2808483989077,1224.8158880322103,1725.599267725465
2024-02-28,1513.9527559055116,1490.4872492608022,1467.9564118909084,1230.4112095855783,1715.796920086926
2024-03-02,1480.6509186351705,1526.719380728154,1535.538661133182,1257.8282851970805,1800.9517318607498
2024-03-03,1581.8372703412074,1565.2168605836048,1541.870548559563,1306.5075827113803,1879.7901789940722
2024-03-04,1616.419947506562,1516.0769007221718,1479.0479769672754,1271.2570569251632,1829.072071380956
2024-03-05,1611.2965879265093,1516.0225479118437,1473.9414343268536,1274.054717701847,1833.0973180169176
2024-03-06,1541.4908136482939,1513.4545472043833,1480.6962805348471,1271.8165890804999,1829.8771207081481
2024-03-09,1526.1207349081367,1500.1110450572003,1482.9287727728079,1260.6259459737641,1742.9831297450585
2024-03-10,1540.8503937007872,1491.2195574842,1474.372148695557,1253.3520279543861,1768.3815088095748
2024-03-11,1529.9632545931756,1498.7010687637073,1496.2684984790044,1258.3878173524172,1754.8814391987592
2024-03-12,1536.3674540682416,1537.1431864895128,1532.1804657859889,1289.16208589594,1797.797614901708
2024-03-13,1613.217847769029,1511.9829425036048,1509.1046869994152,1276.852378478531,1760.7341457969055
2024-03-16,1631.1496062992128,1489.687140719078,1481.3489169116572,1266.4129607673567,1746.8512680711683
2024-03-17,1612.5774278215224,1511.5098302417407,1518.0018456175128,1280.7691035658884,1770.8337256930486
2024-03-18,1590.1627296587928,1572.664536702614,1566.667754893806,1324.3262253161495,1845.8756092195783
2024-03-24,1587.6010498687663,1619.6566589294475,1589.8112264851788,1374.2109735071306,1915.4132707042556
2024-03-25,1574.1522309711288,1629.8993353683304,1607.1009949944878,1383.163487992519,1912.407588428666
2024-03-26,1536.3674540682416,1614.096087138145,1598.8459168735926,1365.258459021742,1887.6515031415636
2024-03-27,1533.1653543307089,1604.320453009862,1588.2346063626505,1354.6273480703433,1872.9525775023465
2024-03-30,1516.5144356955382,1598.0591793546241,1581.8841187860169,1348.4724943616388,1864.442673184905
2024-04-02,1519.0761154855645,1565.8699682964846,1537.492785243948,1320.4958865947997,1877.5971736438667
2024-04-03,1514.5931758530187,1574.9980864778238,1549.1921140994841,1322.7340152161469,1903.1366094826494
2024-04-06,1484.49343832021,1540.7772542194286,1528.5561833475995,1296.6991874641844,1861.0064191822903
2024-04-07,1475.5275590551182,1654.1478425615437,1673.4157821298215,1370.9496129634906,1916.9291884445054
2024-04-08,1470.4041994750658,1702.4844504725122,1739.4983498332772,1400.9217907367815,2050.982926167113
2024-04-09,1455.6745406824148,1686.435249850454,1709.4583185319993,1396.4814681037014,2046.9175043372961
2024-04-13,1442.225721784777,1613.1914644409972,1664.3292735692053,1349.9805122086038,1916.163596958154
2024-04-14,1399.9580052493438,1606.5439205578832,1632.8309520890293,1336.5199670100137,1938.7139955627094
2024-04-15,1403.8005249343832,1618.2707357926797,1652.793436090459,1349.4196561586625,1884.4126431607222
2024-04-16,1405.721784776903,1595.442029850055,1632.6394754312255,1339.8851033096612,1891.6777008449478
2024-04-17,1438.3832020997377,1601.7996763506064,1629.5329312560175,1345.4936638090737,1901.3967948678196
2024-04-20,1380.745406824147,1694.3105162293118,1717.3061804894169,1398.1465890911065,1996.4791822036202
2024-04-21,1373.7007874015749,1722.9965666842636,1756.9477596130132,1425.1283996427776,2040.5399658389279
2024-04-22,1355.1286089238847,1679.4424322345858,1693.623077776372,1397.5915487619714,1930.3678185619299
2024-04-23,1329.5118110236222,1646.8905600369644,1655.4394982918166,1378.165137242246,1903.5358592094012
2024-04-24,1307.737532808399,1656.452323188806,1689.1896656369881,1375.9449759257059,1948.4937864276606
2024-04-27,1333.3543307086616,1630.313349052755,1654.7474348384235,1378.5841707556078,1900.6080082290282
2024-04-28,1358.971128608924,1595.9408542209505,1624.5639352304634,1345.4936638090737,1876.7678095132583
2024-04-29,1375.6220472440946,1604.0909657599336,1624.3911333929038,1342.6893835593676,1903.7778343536365
2024-04-30,1370.498687664042,1578.5820895951633,1607.0578865528394,1328.1071262608948,1851.5600439025386
2024-05-01,1380.745406824147,1572.6980821848415,1565.0847938544282,1330.3505504606599,1834.3811775404313
2024-05-05,1363.45406824147,1563.0850913783993,1560.4660781895964,1326.424558111071,1814.9149187075873
2024-05-06,1383.3070866141734,1535.1601667660573,1529.4547015828687,1276.6952046645838,1808.3945522368526
2024-05-07,1410.8451443569554,1524.699539557627,1533.038858847304,1268.984362186023,1797.4724108514704
2024-05-08,1424.9343832020998,1518.23580880971,1528.9819290684422,1287.7254906651244,1760.1765335258901
2024-05-11,1444.7874015748032,1501.0462842932689,1505.0225917996459,1251.910353840638,1778.637831629507
2024-05-12,1444.7874015748032,1486.9919383369568,1499.68088164727,1263.0478244677092,1758.5955477688472
2024-05-13,1446.0682414698167,1445.2016471899158,1452.9369525332354,1203.9929755810094,1693.3455978225918
2024-05-14,1387.7900262467192,1450.2113894344993,1456.9248856142963,1207.2976223575356,1696.9558094308334
2024-05-15,1377.5433070866143,1456.149612005869,1460.5122808896842,1208.9499457457987,1710.3893203399548
2024-05-18,1374.981627296588,1489.0950281293965,1483.7517529170393,1259.6826881680615,1721.8451630222776
2024-05-19,1398.036745406824,1443.4223888496924,1461.5069389427667,1206.3513269060966,1691.77794916626
2024-05-21,1394.8346456692914,1427.7798020547325,1424.3975614318717,1181.411222608081,1668.51971366696
2024-05-25,1362.1732283464569,1413.9184656436312,1418.0796157514735,1183.9700406926256,1650.1269243566953
2024-05-26,1361.53280839895,1388.6229615996444,1399.759906533073,1161.5887544791544,1631.7082048602792
2024-05-27,1364.0944881889766,1365.5840648695828,1376.835129643803,1124.6814529443832,1604.9846600793305
2024-05-28,1367.2965879265093,1394.2608007801382,1393.993566025083,1164.945947411175,1597.0941925464938
2024-05-29,1449.2703412073492,1418.3100367716181,1420.775382855536,1168.743409964731,1651.6380808089607
2024-06-01,1504.3464566929133,1429.3274328013952,1415.3058450738167,1183.0635459963441,1672.5499831015359
2024-06-02,1460.7979002624672,1420.1566804181748,1410.0346873640447,1178.6573502943095,1666.3207466654037
2024-06-05,1435.8215223097113,1423.2799192299265,1398.8240595100801,1187.469741698379,1677.0762250190983
2024-06-08,1430.6981627296589,1412.2545763105675,1415.2552761858797,1191.2439587120036,1670.3444578430867
2024-06-09,1403.8005249343835,1429.287430155349,1436.73286425792,1208.5894555274438,1680.187683692603
2024-06-10,1402.5196850393702,1454.434953963249,1442.0221524149197,1232.6493382069252,1713.6358644327797
2024-06-11,1403.1601049868768,1465.3574676225714,1451.7430144459545,1244.9590456243345,1730.7488871370563
2024-06-12,1394.194225721785,1472.0134936333366,1455.907829035237,1262.3045424397747,1754.8626918567188
2024-06-15,1367.2965879265093,1467.4591388127499,1437.5909405845498,1242.547187973814,1756.6446749893225
2024-06-16,1360.2519685039372,1461.038162340522,1425.9532935465472,1243.6487368993228,1732.3923010948597
2024-06-22,1370.498687664042,1410.4822416329844,1415.9978117932828,1193.5282607886768,1662.5748965777505
2024-06-23,1372.4199475065618,1403.8782877387212,1412.0858210048382,1184.7158693846072,1636.1999857215244
2024-06-24,1364.0944881889766,1404.2301998220776,1403.037166318425,1182.5127715335898,1634.8157047824993
2024-06-26,1340.3989501312337,1424.225872789814,1425.0216470550718,1202.3406521927463,1660.5414081032486
2024-06-29,1334.6351706036746,1422.7876741978655,1435.2713421470976,1218.6610343235059,1676.1908712096092
2024-06-30,1287.2440944881891,1386.2118449060986,1384.1352659329293,1190.1248944013303,1636.941222710211
2024-07-01,1228.3254593175855,1381.4085886247915,1381.4346844639945,1189.5653622459934,1636.1716217592423
2024-07-02,1233.448818897638,1376.1871167956892,1371.2832902264297,1191.8034908673405,1620.225927283518
2024-07-03,1234.0892388451443,1374.7810654011525,1353.4163223940197,1194.6011516440244,1624.0292745306624
2024-07-06,1228.3254593175855,1459.1693152633156,1453.5682461052588,1246.4026092130946,1756.4670143090905
2024-07-07,1228.3254593175855,1522.4212593311383,1510.2081856404686,1293.7692130099688,1852.2488069389312
2024-07-08,1220.0,1475.5538242827076,1478.2574999574224,1256.3165495426729,1797.2047288265055
2024-07-09,1210.3937007874017,1452.211098786476,1470.4622184250861,1234.8363454952532,1766.4765462643688
2024-07-10,1198.8661417322835,1445.0657634654333,1458.8280049639561,1230.4301497932183,1723.3843195975444
2024-07-13,1210.3937007874017,1414.5178005979299,1435.030245635335,1207.2976223575356,1677.991447306278
2024-07-14,1234.0892388451443,1411.754415380886,1417.660810855617,1206.1960734320269,1694.5383989444738
2024-07-17,1258.4251968503938,1414.4484292583295,1422.5374391637404,1206.7468478947815,1696.9193117743669
2024-07-20,1267.3910761154857,1399.9443302700715,1409.2454727089855,1199.0360054162204,1686.07637687485
2024-07-21,1244.3359580052495,1372.9792585787227,1385.1640954892341,1175.9034779805377,1651.938247737176
2024-07-22,1250.0997375328084,1368.37746277739,1343.5005763977258,1169.84495889024,1634.6997839619412
2024-07-23,1273.1548556430448,1377.6263460169043,1366.7293740338157,1178.6573502943095,1627.8997056590094
2024-07-24,1276.3569553805776,1380.164864943603,1362.5792065707878,1180.3096736825726,1630.1818080501203
2024-07-27,1282.1207349081367,1373.1065562877814,1367.1816536068468,1173.149605666766,1620.2926976886404
2024-07-29,1291.0866141732286,1351.6526844152609,1343.432488731986,1173.8717125270493,1605.037698219439
2024-07-30,1316.7034120734909,1348.5557901604468,1325.7214499891734,1168.8240080775781,1598.135959431109
2024-07-31,1339.7585301837273,1305.2117950016552,1282.0439785814235,1127.320660381925,1557.4824758388613
2024-08-03,1335.9160104986877,1248.4843914608048,1230.8371253296255,1075.7219037873294,1486.1334763446632
2024-08-04,1309.6587926509187,1270.2741207970978,1279.187509229201,1080.2087521868596,1524.1889054188048
2024-08-05,1287.2440944881891,1259.85983471001,1236.6126905683982,1080.7696082368007,1493.1069910928913
2024-08-06,1304.5354330708662,1255.6631894224126,1250.8035108596594,1073.1826739359433,1464.9378347529344
2024-08-10,1299.4120734908136,1251.9323623219484,1230.0271363758852,1073.1826739359433,1471.5360644375291
2024-08-11,1300.0524934383202,1247.590608869374,1252.99158120062,1065.908755916565,1461.5621495065134
2024-08-12,1295.5695538057744,1242.3734674944765,1248.2658748296772,1057.5157735865134,1461.2815026065173
2024-08-13,1286.6036745406825,1230.2342862900139,1228.3498163769316,1031.0497942761435,1449.6224435737563
2024-08-14,1289.1653543307089,1242.7387231999373,1233.9634943168464,1040.963734605722,1461.2815026065173
2024-08-17,1322.46719160105,1264.9078943672719,1248.903589409388,1061.3423897276327,1478.4410824666936
2024-08-18,1347.443569553806,1288.167030555676,1267.2617795232798,1082.2718193122982,1507.5956030342777
2024-08-19,1348.724409448819,1292.319739931843,1249.0850683687872,1089.982661790859,1518.336742190756
2024-08-20,1382.0262467191599,1266.249647704532,1237.5892696586386,1070.1547811317025,1490.7166700740975
2024-08-21,1423.01312335958,1273.3295780663352,1241.7671028522768,1075.1117512964915,1484.8267652851769
2024-08-24,1463.3595800524936,1298.3267657276488,1264.6685453229131,1094.9396319556483,1512.210865464617
2024-08-26,1449.2703412073492,1301.0986027448926,1271.03159564936,1115.1475855862018,1516.0142127117613
2024-08-27,1437.1023622047246,1305.6570323269616,1287.5975937006992,1120.1833749842328,1522.8602377566212
2024-08-28,1431.3385826771655,1311.29481941956,1285.6997977065278,1128.0168251589478,1533.5096100486255
2024-08-31,1417.2493438320214,1330.1619822863138,1314.713778185349,1150.3981113724187,1563.9363880257806
2024-09-01,1403.1601049868768,1349.524110728914,1329.2767146508993,1170.5412689645427,1604.2047281914079
2024-09-03,1399.9580052493438,1347.8677961690187,1347.441351983256,1167.1840760325222,1607.4444218799852
2024-09-07,1398.6771653543306,1321.1176920763362,1310.092705197494,1144.243257663714,1555.569024082063
2024-09-08,1385.228346456693,1301.5030472296678,1304.4135561437292,1124.659632226927,1528.9455933520524
2024-09-09,1376.9028871391079,1323.2255379140806,1328.2132968775622,1139.76700042102,1549.483668486632
2024-09-10,1370.498687664042,1315.9551366528783,1333.8834256448285,1135.2907431783258,1561.520329515288
2024-09-11,1374.3412073490813,1314.6249585399162,1318.1066927403199,1135.8502753336625,1544.1589823406298
2024-09-14,1367.9370078740155,1307.460262518438,1313.561497248112,1131.933550246305,1540.396912331158
2024-09-15,1334.6351706036746,1298.875771354166,1310.3360444141067,1124.10010007159,1541.3534689546382
2024-09-16,1294.9291338582677,1303.5739996210564,1328.5274408036735,1126.3382286929373,1531.227601700339
2024-09-17,1281.48031496063,1333.4721330922011,1329.7591836781846,1155.4339007704498,1586.7767621372673
2024-09-18,1249.459317585302,1357.5283047416126,1366.1145264818363,1177.2556548285843,1614.239770373598
2024-09-22,1217.4383202099739,1353.8386397975091,1365.5342230305516,1178.3747191392576,1601.9698604972248
2024-09-23,1185.4173228346458,1382.1863262931663,1370.7321463578128,1207.4703912167702,1641.5246718675264
2024-09-24,1203.989501312336,1423.0738479423917,1404.4771890887355,1243.280449158324,1690.2075166309749
2024-09-25,1171.9685039370079,1469.1338003182834,1453.4856497404992,1278.5309749445414,1738.1296919449946
2024-09-28,1206.5511811023623,1455.4896507019055,1419.5247943992579,1266.221267527132,1721.3949640575593
2024-09-29,1242.4146981627298,1454.2886927247982,1426.8697448911169,1255.5901565757333,1720.5231101791944
2024-09-30,1279.5590551181103,1467.0046257355461,1453.2056194850654,1250.5543671777023,1713.6226164217912
2024-10-01,1287.2440944881891,1455.2722664975227,1449.0561874454454,1238.2446597602932,1730.5766156325944
2024-10-02,1310.9396325459318,1440.3295112466164,1423.8036525120986,1225.9349523428841,1711.7497762842208
2024-10-05,1313.5013123359581,1447.9976837120607,1433.2097485670845,1223.1372915662,1724.8602296742336
2024-10-06,1274.4356955380579,1439.7103407199747,1419.2547590535933,1212.208078830876,1694.4172627935075
2024-10-07,1247.5380577427823,1427.2814691574301,1413.2459257720736,1200.5522319190407,1664.6468569450806
2024-10-08,1284.6824146981628,1421.1621117685097,1414.5168156908285,1205.8405073737008,1654.7102332948086
2024-10-09,1294.9291338582677,1414.8383379692932,1409.8791419307613,1200.2319468742885,1647.0139066283211
2024-10-12,1332.713910761155,1419.5703133952015,1415.0584831824765,1203.597083173936,1649.018368787688
2024-10-13,1372.4199475065618,1411.896743015796,1402.160396134629,1197.9885226745232,1646.4187841145958
2024-10-14,1411.485564304462,1378.3711045074626,1380.3208587415015,1168.8240080775781,1587.695292444245
2024-10-15,1440.9448818897636,1344.959060503953,1339.2556508518792,1131.374018090968,1553.1834903901122
2024-10-16,1447.3490813648295,1330.507086209378,1325.3464675344264,1119.623842828896,1537.0525045848738
2024-10-19,1489.6167979002626,1302.3498489334024,1301.9966391901655,1094.230153435391,1524.8402397812852
2024-10-20,1504.3464566929135,1272.5165898567839,1263.5781279461348,1066.187350938328,1499.473737684057
2024-10-21,1542.7716535433071,1241.172121043511,1235.9037960865933,1038.1445484412654,1515.13190279113
2024-10-22,1525.48031496063,1265.7388826124998,1255.2669565871395,1054.4093738895617,1572.179879700231
2024-10-23,1485.1338582677167,1232.5196259278796,1229.7145622782275,1023.9438442663065,1530.3665850273526
2024-10-26,1526.761154855643,1260.2290807831262,1252.2002694704051,1056.6527980893268,1469.315391696587
2024-10-27,1572.230971128609,1305.3118576166903,1287.2530336200966,1088.0607368860371,1606.573039081195
2024-10-28,1618.9816272965882,1345.3069297894558,1326.715778866461,1120.59038778263,1676.8265207803115
2024-10-29,1652.2834645669293,1350.7393073061,1335.0515667867055,1124.659632226927,1686.8975509351483
2024-10-30,1680.4619422572182,1369.6585085666222,1351.646437708123,1145.3623219743877,1698.8898694781062
2024-11-02,1686.225721784777,1368.7983819019826,1353.8478563491387,1147.6004505957349,1679.6513318367247
2024-11-03,1658.6876640419948,1325.2236536540013,1309.1065751435483,1113.4689891201913,1589.1812416887408
2024-11-04,1707.3595800524936,1299.3513259275755,1295.4203898227202,1089.9686385960465,1555.6407330701845
2024-11-05,1754.7506561679793,1341.795621584347,1333.5807806533664,1122.4215036055798,1619.9311203717975
2024-11-06,1802.1417322834648,1347.3968091305974,1344.2175166904822,1131.374018090968,1595.7668298520807
2024-11-09,1803.4225721784778,1379.5515549178278,1368.9702426501126,1164.3864152558383,1623.7920297788428
2024-11-10,1788.6929133858268,1410.4236980623748,1416.926526443564,1199.0774088867186,1644.161515166645
2024-11-11,1841.8477690288712,1458.2898707108225,1462.7472455693032,1233.2088703622621,1719.7682045327101
2024-11-12,1893.721784776903,1491.736824526636,1509.536891834332,1258.9473495077539,1755.661733302449
2024-11-13,1929.5853018372702,1496.9104035994474,1516.2459446869293,1264.5426710611218,1763.464674339349
2024-11-16,1987.223097112861,1548.557268501511,1617.9771000726364,1301.4717933133493,1835.5871439816062
2024-11-17,2046.7821522309712,1566.0106263131163,1662.9035965586236,1314.3410328860953,1946.3270280006561
2024-11-18,2101.8582677165355,1603.3449404460137,1714.6455368624543,1347.912962206302,1996.0416391884123
2024-11-19,2098.015748031496,1583.3597487413697,1653.7779417605116,1332.805594012209,1973.670064153922
2024-11-20,2054.46719160105,1535.6796168287065,1592.3494785736493,1297.5550682259918,1921.4697224067781
2024-11-23,2115.3070866141734,1585.3144040559657,1689.6369032388293,1333.9246583228824,1975.3272178601806
2024-11-24,2153.0918635170606,1632.6948180971472,1716.991022529614,1373.651441351794,2034.156174432359
2024-11-25,2156.9343832021,1678.1805722752974,1741.367461586683,1414.4972886913788,2150.7134974179967
2024-11-26,2176.7874015748034,1717.190461235805,1777.1867289927382,1443.5929607688913,2225.887335923567
2024-11-27,2119.790026246719,1747.4418285996885,1835.1871458727928,1468.2123756037095,2304.701967398209
2024-11-30,2071.758530183727,1742.2864167634893,1785.3138925088147,1473.2481650017405,2254.9849135615077
2024-12-01,2012.199475065617,1723.0575505929098,1811.4080441351118,1449.188282322259,2234.5148062178446
2024-12-02,1969.2913385826773,1772.5002248542114,1864.5613303722812,1491.7127261278542,2341.5912519373574
2024-12-03,2019.8845144356958,1822.972900584299,1905.9591718624758,1533.1181056227758,2406.586658030142
2024-12-04,2068.5564304461946,1873.3591413050501,1987.190783171712,1574.5234851176976,2471.582064122927
2024-12-07,2128.7559055118113,1875.323080282491,1977.8557946753942,1575.6425494283712,2493.364260125932
2024-12-08,2117.8687664041995,1861.4994050875914,1972.3610012077438,1562.7733098556253,2453.137421853353
2024-12-09,2071.1181102362207,1918.5811758054788,2030.9739489700935,1609.214478748578,2526.037674633098
2024-12-10,2090.3307086614177,1974.6298224409504,2076.889057121854,1654.536583330857,2597.181294815741
2024-12-11,2105.0603674540685,2012.9364037270307,2127.7206217826465,1685.8703840297167,2646.3670075346054
2024-12-14,2049.984251968504,2074.2770580842807,2179.434137385564,1736.228278010027,2851.163563440245
2024-12-15,1989.1443569553808,2140.4052269288763,2244.7539487864206,1788.2647684563474,2936.61577465518
2024-12-16,2042.2992125984254,2204.929843661292,2305.1572152431263,1836.3845338153103,3015.6360990044745
2024-12-17,2086.4881889763783,2200.2639145076787,2300.9430338624256,1833.0273408832898,3010.1230531196397
2024-12-18,2031.4120734908138,2154.9000788741546,2253.1823115478214,1794.979154320389,2947.6418664248495
2024-12-21,2022.446194225722,2220.1100279444677,2332.5128489041094,1848.134709077383,3010.5565732893015
2024-12-22,1996.8293963254594,2263.600107151789,2361.346300319132,1881.147106242253,3064.332788192138
2024-12-23,2038.456692913386,2267.080578839707,2365.5604816998325,1884.5042991742737,3069.8015558093757
2024-12-24,2096.0944881889764,2289.021823398665,2400.306137882249,1901.8497959897138,3098.0568551651036
2024-12-25,2135.160104986877,2234.238053037249,2333.2519181583825,1852.0514341647402,3041.3636464670353
2024-12-28,2096.734908136483,2187.197327078716,2280.383672278661,1810.0865225144817,2914.738335907755
2024-12-29,2056.38845144357,2129.1064044207783,2232.2533511927654,1758.0500320681613,2830.9452400068517
2024-12-30,2069.196850393701,2083.5202854084455,2173.2343389550383,1720.5613776605971,2672.6139088879677
2024-12-31,2014.761154855643,2138.915067278027,2199.6650397247695,1764.7644179322028,2759.783387228115
2025-01-01,2028.209973753281,2210.393909202679,2225.775385215169,1807.288861737798,2803.584767435734
2025-01-04,2028.209973753281,2265.316366484566,2290.550272586756,1859.8848843394553,2802.9098261114805
2025-01-05,2069.196850393701,2245.1720901925955,2261.31067675352,1850.3728376987299,2869.0752840369555
2025-01-06,2059.5905511811025,2200.694331260054,2220.8144483850374,1809.5269903591452,2694.1034951223905
2025-01-07,2033.3333333333335,2221.9342547313654,2249.541828563105,1826.3129550192486,2688.9278143063775
2025-01-08,1973.1338582677167,2244.0614219134136,2270.5375291513833,1839.1821945919944,2747.133102121871
2025-01-11,1916.1364829396327,2178.0205075436374,2219.1482637480713,1791.0624292330313,2546.335589218483
2025-01-12,1869.3858267716537,2103.6865342951687,2090.3588506825263,1737.9068744760373,2500.1351662815177
2025-01-13,1903.968503937008,2173.209157630365,2205.4895093783844,1784.34804336899,2536.789813813728
2025-01-15,1952.0000000000002,2219.5483106839956,2245.070032517344,1822.9557620872279,2540.5325032975047
2025-01-18,1952.0,2140.004613887354,2132.9416991924204,1774.8359967282647,2494.7853640860653
2025-01-19,1999.0,2123.0304886494882,2131.226443189857,1767.0025465535498,2443.1161667709252
2025-01-20,2055.0,2093.0849223206333,2068.307410657755,1744.6212603400786,2460.7324309984115
2025-01-21,2114.0,2138.3545450215747,2118.303989041779,1780.9908504369694,2512.0305734021626
2025-01-22,2061.0,2197.742626538345,2168.0685962623106,1831.3487444172792,2634.92644790047
2025-01-25,2118.0,2234.1492838899417,2254.4369944693785,1865.480205892823,2684.0344568592022
2025-01-26,2157.9999999999995,2178.7906631837827,2160.9138263649174,1831.9082765726164,2604.7682824195
2025-01-27,2107.0,2132.859269337437,2108.8305906303935,1796.6577507863992,2534.1282347453175
2025-01-29,2060.0,2149.070024155112,2122.928358761072,1807.8483938931347,2499.5909863321276
2025-02-01,2114.0,2096.743474054556,2100.2581288298975,1760.2881606895085,2482.830092341566
2025-02-02,2057.0,2107.651592045526,2109.171293061623,1772.0383359515808,2450.0788157579227
2025-02-03,2060.0,2105.776762269569,2087.4577347436007,1772.0383359515808,2499.403338348932
2025-02-04,2120.0,2153.4008419336387,2154.3748342139206,1807.8483938931347,2549.912278561856
2025-02-05,2180.0,2138.6177625711925,2132.7838911199833,1799.4554115630829,2538.0742456994517
2025-02-09,2159.0,2136.017841488688,2173.0257515953845,1776.514593194275,2604.952785608487
2025-02-11,2101.0,2078.754133933781,2094.9346771536407,1723.918570592618,2553.9819301663447
2025-02-15,2164.0,2027.6967553285485,2034.4188750547528,1674.1202087676445,2478.924820377679
2025-02-16,2228.0,1983.4102201870676,1992.654774957543,1633.2743614280596,2418.4430316452026
2025-02-17,2280.0,2020.0669082133268,2011.6717048057365,1663.4890978162457,2463.182984954158
2025-02-18,2345.0,2075.395420546053,2080.716599544567,1705.4540094665042,2480.669754346581
2025-02-25,2412.0,2076.706526018377,2094.054163731614,1705.454009466504,2500.754674184147
2025-02-26,2368.0,2122.984186863533,2110.026578949223,1746.5177074403389,2577.636275594629
2025-03-01,2310.0,2177.1756864799604,2156.4045332550363,1795.4446667283123,2649.846196271617
2025-03-02,2379.0,2243.7438013056735,2234.457477283838,1846.9927131209986,2686.97001100345
2025-03-03,2448.0,2185.7669476988876,2178.437493227053,1800.686840937738,2676.281990172279
2025-03-04,2520.0,2222.6824042913645,2217.1455177339244,1850.4874959272825,2600.8050462561455
2025-03-05,2595.0,2264.2318617203437,2259.017954329466,1885.4353239901207,2688.765867957371
2025-03-08,2672.0,2212.5747816487074,2205.6305976701506,1840.8768432100019,2655.1926591306765
2025-03-09,2682.0,2171.7024666211305,2191.636013496939,1799.813145236167,2625.0887438768173
2025-03-10,2748.0,2227.102205932429,2212.9582740743704,1846.9927131209986,2664.013897200878
