Asset,Model,Horizon,RMSE_logret,MAE_price,RMSE_price,MAPE_pct,DirectionalAcc,R2
Fameli,Naive_RW,10,0.07225517966433356,387.7931034482759,517.1440138244692,5.417066548491364,0.009195402298850575,-0.004571101506918085
Fameli,Drift_RW,10,0.07235793897954199,392.46237099510245,518.1302828995904,5.52015998381994,0.5126436781609195,-0.00743047971865507
Fameli,GBM_GARCH,10,0.07211381462946918,388.0108120574933,516.1669877622753,5.430547717263401,0.5126436781609195,-0.0006441219007924381
Fameli,Ridge,10,0.07432661434560191,426.211352073326,535.8635087604383,5.9911538430320315,0.5724137931034483,-0.06299546451644966
Fameli,LightGBM,10,0.07468619678097525,411.2539840015935,536.3054850510691,5.816303155268166,0.5126436781609195,-0.07330560985375478
Fameli,XGBoost,10,0.07354899826997038,404.2134766359439,527.5879660512629,5.717679591020604,0.5126436781609195,-0.040869383557454064
Fameli,CatBoost,10,0.07282976911750261,398.65121042184137,520.6210032725212,5.633354329467311,0.5126436781609195,-0.02061177950946269
Fameli,RandomForest,10,0.0729092531225535,404.91495701804473,524.3310506411391,5.706001949281245,0.5080459770114942,-0.02284071912926966
Fameli,DeepSeq,10,0.07395136662810052,403.110755079094,531.055267549123,5.640913798944422,0.4735632183908046,-0.05228921321166102
Fameli,Ensemble,10,0.07171403353446226,391.8320059279584,513.7666880754165,5.516054835871155,0.5080459770114942,0.01041977057081167
Fulad,Naive_RW,10,0.06939505684166365,179.9189932460373,230.4796776740101,5.45627156764938,0.0022471910112359553,-0.0034464355340595443
Fulad,Drift_RW,10,0.06993668748267928,184.27383257160716,233.21408464232692,5.629161468118928,0.503370786516854,-0.019171427139871966
Fulad,GBM_GARCH,10,0.06954063451921969,182.39828601808398,231.64312166399793,5.562742168358763,0.503370786516854,-0.007660932408684706
Fulad,Ridge,10,0.07816088097560268,216.14244701805697,265.9510002173655,6.561650947130737,0.49213483146067416,-0.2729636856560642
Fulad,LightGBM,10,0.0721172389456739,191.4016904027973,241.8013569947879,5.849664657298882,0.5101123595505618,-0.08371555042877943
Fulad,XGBoost,10,0.07107963515376328,189.01400698520226,238.21713442913193,5.77824541554866,0.503370786516854,-0.052755460690676825
Fulad,CatBoost,10,0.07161401408004905,190.82635548933118,239.45084142103892,5.845300862026881,0.503370786516854,-0.06864426040683136
Fulad,RandomForest,10,0.0718037549048569,190.86384876746973,242.19831888808145,5.797788389184201,0.5146067415730337,-0.07431449293909309
Fulad,DeepSeq,10,0.08238220548884356,222.87315101733296,280.0809892824358,6.796923872445407,0.4696629213483146,-0.4141775932449685
Fulad,Ensemble,10,0.07127241293935287,190.80663184663794,238.46847222292487,5.827796992599623,0.49887640449438203,-0.058473640795531745
IranKhodro,Naive_RW,10,0.09718094589089649,218.87793427230048,279.9838778054656,7.5505368052389095,0.004694835680751174,-0.00010749129148535097
IranKhodro,Drift_RW,10,0.09758818477214526,222.52214925054065,282.56320536422635,7.696447806275001,0.4647887323943662,-0.008506998326190285
IranKhodro,GBM_GARCH,10,0.09726971691391943,220.18862737758676,280.80341732994185,7.6041995735210905,0.4647887323943662,-0.0019354445619783611
IranKhodro,Ridge,10,0.09907842368856588,228.68438637132138,290.2031963798063,7.936122536022121,0.5305164319248826,-0.03954337152971066
IranKhodro,LightGBM,10,0.09849180832552402,226.80084793721878,287.04427800090446,7.858683728644883,0.4647887323943662,-0.02727012722461808
IranKhodro,XGBoost,10,0.09918169801711653,227.8567862146897,288.11437486745865,7.893793847883559,0.4647887323943662,-0.04171163565906766
IranKhodro,CatBoost,10,0.0977784235849561,224.8380852726924,284.4917840679054,7.786703398121903,0.4647887323943662,-0.01244280629531036
IranKhodro,RandomForest,10,0.09554428593261069,218.7494576835007,278.1520176723232,7.574164461325653,0.49765258215962443,0.033295200837357264
IranKhodro,DeepSeq,10,0.10070436481100258,229.70505386828816,294.1655966799091,7.895219696648886,0.45305164319248825,-0.07394249072004744
IranKhodro,Ensemble,10,0.09709437026063128,221.36817098295046,281.7025656798208,7.658089313703506,0.4671361502347418,0.0016736473384940664
Khgostar,Naive_RW,10,0.09723875269649981,333.91647331786544,413.6885688758652,7.90397870713723,0.0,-0.0008097310881887143
Khgostar,Drift_RW,10,0.09827800893785255,342.4264814760513,421.42711701139064,8.13910356696808,0.45707656612529,-0.022316709410072688
Khgostar,GBM_GARCH,10,0.09739722078425901,336.0432485404933,415.3050321388029,7.963473314843436,0.45707656612529,-0.004074389069070428
Khgostar,Ridge,10,0.10601491349171101,365.5573144067969,462.9128274401705,8.620557394292499,0.48259860788863107,-0.18961570012199092
Khgostar,LightGBM,10,0.09937594197753143,343.6283368869306,427.8413744956276,8.131619143808871,0.4733178654292343,-0.045286345509147896
Khgostar,XGBoost,10,0.0996596271840023,344.23977571145014,429.2701089807488,8.161546345867677,0.4593967517401392,-0.05126275221807575
Khgostar,CatBoost,10,0.09799732461685623,340.8086522904298,422.4817155711711,8.084987152467004,0.45707656612529,-0.016485526849674637
Khgostar,RandomForest,10,0.10528238530181352,359.00137539261294,452.3077528627473,8.501522583757302,0.48259860788863107,-0.1732327900246129
Khgostar,DeepSeq,10,0.09898467150851734,340.5828832170803,430.2248605519546,8.090708116213484,0.5220417633410673,-0.03707138889082007
Khgostar,Ensemble,10,0.0980061662274962,338.70217149981215,422.1170704130324,8.017571359571294,0.5150812064965197,-0.016668955830380305
Shapna,Naive_RW,10,0.09507861266770323,247.79122896893875,327.01479441679487,7.121239192242533,0.002631578947368421,-0.0012564315966987483
Shapna,Drift_RW,10,0.09655419821350297,258.20053432103725,336.6317420514293,7.488819162992157,0.48947368421052634,-0.03257586587872763
Shapna,GBM_GARCH,10,0.09565878509794778,254.00487951526588,331.98801575540665,7.348152945650662,0.48947368421052634,-0.013513104245321372
Shapna,Ridge,10,0.10730240934948482,292.2845098000623,381.41574875015164,8.602465857909664,0.5157894736842106,-0.2752595774222293
Shapna,LightGBM,10,0.09626891824769344,258.68127555093656,335.5938291907087,7.488881909375163,0.48947368421052634,-0.02648316273925122
Shapna,XGBoost,10,0.09604859376589005,255.68585796577156,334.2249756336299,7.408212412947226,0.48947368421052634,-0.021790047311784688
Shapna,CatBoost,10,0.09536023171123728,254.3964059373384,332.0845433206004,7.372630147481139,0.4842105263157895,-0.007196578741530679
Shapna,RandomForest,10,0.1030698019764391,282.9697499349705,359.874421985201,8.123591833614489,0.39210526315789473,-0.17663707846966514
Shapna,DeepSeq,10,0.09463660496182423,254.5090224730158,330.0127903409483,7.434533231675225,0.49473684210526314,0.008031342757940485
Shapna,Ensemble,10,0.09540608625788594,255.1403879324992,332.2145159781881,7.400906685343781,0.48947368421052634,-0.008165444813564626
VebMellat,Naive_RW,20,0.11132495355278553,130.15802643158793,183.89840570010278,7.99513754800591,0.0,-0.03248088013855077
VebMellat,Drift_RW,20,0.11022485712302278,134.43041536956446,180.28213484939468,8.462380739769698,0.5323383084577115,-0.012176061664193272
VebMellat,GBM_GARCH,20,0.10957235363997408,130.97295855902252,180.16529056534512,8.157590381994902,0.5323383084577115,-0.00022787541108915121
VebMellat,Ridge,20,0.12633227465875535,171.80617031698824,208.65219108279913,11.049078301439636,0.5223880597014925,-0.32961407695369016
VebMellat,LightGBM,20,0.10903994924532391,136.55047151137296,178.51304775523803,8.62084436511697,0.5323383084577115,0.009468584440088579
VebMellat,XGBoost,20,0.10864719298431456,132.90556113184175,177.38821081438508,8.388748788867824,0.5323383084577115,0.016591419172588995
VebMellat,CatBoost,20,0.11085907867101444,136.22607982311783,181.18559890012122,8.612804006931674,0.5323383084577115,-0.02385746860313187
VebMellat,RandomForest,20,0.12692279935030315,152.79224428194826,213.07456270480225,9.634318560629692,0.599502487562189,-0.34207336394105736
VebMellat,DeepSeq,20,0.12114101322235925,141.18521080405145,199.7254693131554,8.67732531701339,0.5422885572139303,-0.22258588177729077
VebMellat,Ensemble,20,0.1093183856483247,132.74610172286773,179.57807360376557,8.30275201683536,0.5348258706467661,0.00440342918950587
