date,actual_price,timesfm_pred,timesfm_q10,timesfm_q90
2023-04-15,3714.568587102696,3257.323974609375,2829.33837890625,3746.53564453125
2023-04-16,3824.902307511687,3250.5771484375,2828.6044921875,3731.1435546875
2023-04-17,3803.886360767117,3264.6953125,2845.476318359375,3740.447509765625
2023-04-18,3798.6323740809744,3277.927490234375,2870.1953125,3726.86962890625
2023-04-19,3614.7428400659896,3225.921630859375,2820.752197265625,3670.77685546875
2023-04-24,3404.5833726202927,3217.56396484375,2828.54248046875,3640.067626953125
2023-04-25,3457.1232394817166,3320.779296875,2915.876953125,3752.2197265625
2023-04-26,3446.6152661094325,3346.344970703125,2942.78759765625,3766.870361328125
2023-04-29,3373.059452503438,3591.53076171875,3013.5224609375,4198.92724609375
2023-04-30,3504.4091196569984,3716.6142578125,3071.94091796875,4389.18017578125
2023-05-01,3509.663106343141,3706.59716796875,3063.086181640625,4376.76904296875
2023-05-02,3383.5674258757226,3853.556396484375,3091.11767578125,4629.42626953125
2023-05-03,3383.5674258757226,3747.765625,3103.585205078125,4436.4990234375
2023-05-06,3367.8054658172955,3751.23828125,3094.82763671875,4451.91064453125
2023-05-07,3346.789519072726,3483.456298828125,2854.8818359375,4187.48388671875
2023-05-08,3341.535532386584,3312.55712890625,2719.83056640625,4003.004638671875
2023-05-09,3283.741678839017,3420.971435546875,2803.2099609375,4136.84765625
2023-05-10,3220.6938386053075,3431.621337890625,2828.415771484375,4131.63623046875
2023-05-13,3225.94782529145,3299.856201171875,2748.55419921875,3978.309814453125
2023-05-14,3225.94782529145,3459.258544921875,2847.733154296875,4158.27685546875
2023-05-15,3204.9318785468804,3404.936279296875,2855.625244140625,4019.661376953125
2023-05-20,3215.439851919165,3209.904052734375,2730.59716796875,3778.52587890625
2023-05-21,3220.6938386053075,3259.008544921875,2836.93408203125,3784.208740234375
2023-05-22,3220.6938386053075,3302.7900390625,2842.154052734375,3827.116943359375
2023-05-23,3094.598158137889,3287.663330078125,2859.8759765625,3738.0849609375
2023-05-24,3057.8202513348924,3277.5546875,2911.0234375,3671.97900390625
2023-05-27,2900.2006507506194,3192.019775390625,2835.673828125,3570.59130859375
2023-05-28,2936.9785575536166,3109.13720703125,2762.315185546875,3480.45947265625
2023-05-29,3057.8202513348924,3166.464111328125,2824.412109375,3539.4228515625
2023-05-30,3052.56626464875,3162.5166015625,2817.539306640625,3528.574951171875
2023-05-31,3031.55031790418,3141.06298828125,2835.788818359375,3481.782958984375
2023-06-03,3000.026397787325,3166.87841796875,2871.23486328125,3499.06103515625
2023-06-06,2984.2644377288984,3195.59716796875,2903.946533203125,3513.3935546875
2023-06-07,2973.7564643566134,3187.955322265625,2880.01611328125,3504.31884765625
2023-06-10,2931.724570867474,3008.5634765625,2673.41259765625,3337.59619140625
2023-06-11,2968.5024776704718,2940.03076171875,2649.587646484375,3239.1533203125
2023-06-12,2989.5184244150405,2810.495849609375,2491.34765625,3139.5234375
2023-06-13,2952.740517612044,2765.85400390625,2485.962890625,3083.18017578125
2023-06-14,2931.724570867474,2920.403076171875,2590.5185546875,3310.160400390625
2023-06-17,2900.2006507506194,2933.896240234375,2607.833984375,3327.91259765625
2023-06-18,2931.724570867474,2930.479248046875,2628.46533203125,3287.159423828125
2023-06-19,3015.788357845753,2936.2861328125,2627.062255859375,3281.763671875
2023-06-20,3115.6141048824597,2935.7939453125,2649.54541015625,3265.07275390625
2023-06-21,3105.1061315101742,2904.158935546875,2615.8798828125,3235.83056640625
2023-06-24,3063.074238021035,2869.32763671875,2580.180908203125,3250.6494140625
2023-06-25,3047.312277962608,2912.314697265625,2619.017578125,3287.70361328125
2023-06-26,3031.55031790418,2925.77587890625,2624.65185546875,3347.62744140625
2023-06-27,2979.010451042756,2898.376708984375,2617.58203125,3306.729248046875
2023-06-28,2873.930717319907,2898.09521484375,2633.96923828125,3253.46044921875
2023-07-01,2905.4546374367624,2870.456298828125,2620.316650390625,3188.15625
2023-07-02,2805.628890400056,2924.650634765625,2675.098388671875,3241.751953125
2023-07-03,2700.5491566772075,3026.983154296875,2743.275390625,3378.58544921875
2023-07-04,2868.676730633765,3156.213623046875,2838.562255859375,3532.632080078125
2023-07-05,2637.501316443498,3198.587890625,2880.320556640625,3568.0126953125
2023-07-08,2642.7553031296407,3163.84375,2823.605712890625,3614.133544921875
2023-07-09,2626.993343071213,3139.778076171875,2812.452392578125,3589.935546875
2023-07-10,2621.739356385071,3092.98974609375,2779.247802734375,3547.62939453125
2023-07-11,2595.469422954359,2993.4638671875,2701.242431640625,3363.06884765625
2023-07-12,2611.231383012786,2843.858154296875,2545.56787109375,3233.141357421875
2023-07-15,2632.247329757356,2891.272705078125,2606.988525390625,3239.54736328125
2023-07-16,2784.612943655486,2801.937744140625,2516.908447265625,3150.8056640625
2023-07-17,2805.628890400056,2674.927001953125,2371.345458984375,3040.95654296875
2023-07-18,2821.390850458484,2915.01611328125,2596.593505859375,3289.5634765625
2023-07-24,2810.882877086198,2666.519775390625,2386.218017578125,3011.64794921875
2023-07-25,2795.1209170277707,2640.529296875,2360.078857421875,2985.99755859375
2023-07-26,2711.057130049492,2626.586669921875,2341.558837890625,2971.032958984375
2023-07-29,2716.311116735634,2622.9853515625,2335.21923828125,3001.671630859375
2023-07-30,2716.311116735634,2541.617431640625,2272.38720703125,2923.50439453125
2023-07-31,2690.0411833049225,2570.364501953125,2302.693359375,2944.636474609375
2023-08-01,2684.78719661878,2621.602294921875,2367.715576171875,2985.297607421875
2023-08-05,2653.2632765019257,2725.296142578125,2420.695556640625,3093.793701171875
2023-08-06,2653.2632765019257,2784.023193359375,2469.230224609375,3140.538818359375
2023-08-07,2658.517263188068,2873.202392578125,2551.750244140625,3276.513427734375
2023-08-08,2626.993343071213,2867.5673828125,2585.764892578125,3254.33544921875
2023-08-09,2626.993343071213,2843.855712890625,2537.443359375,3265.767578125
2023-08-12,2742.581050166347,2746.6708984375,2447.90087890625,3150.373779296875
2023-08-13,2889.692677378335,2810.2412109375,2510.025634765625,3210.465576171875
2023-08-14,2931.7245708674736,2834.612060546875,2532.653076171875,3238.97021484375
2023-08-15,2947.486530925901,2769.886474609375,2482.82861328125,3155.204345703125
2023-08-16,2952.740517612044,2759.496337890625,2487.53076171875,3131.16015625
2023-08-19,2936.9785575536166,2655.7587890625,2395.45263671875,3012.44775390625
2023-08-20,2942.2325442397587,2688.420654296875,2430.951416015625,3040.551513671875
2023-08-21,2979.010451042756,2703.685302734375,2458.812744140625,3054.44775390625
2023-08-22,2984.2644377288984,2643.65283203125,2404.310791015625,2997.80908203125
2023-08-23,2947.486530925901,2639.51220703125,2408.144775390625,2966.2880859375
2023-08-26,2926.470584181332,2824.66748046875,2532.860595703125,3291.954833984375
2023-08-27,2915.962610809047,3011.49072265625,2656.6455078125,3550.22265625
2023-08-28,2921.216597495189,3009.95361328125,2663.113037109375,3505.979736328125
2023-08-29,2921.216597495189,3019.858154296875,2693.347412109375,3441.21875
2023-08-30,2926.470584181332,3011.60498046875,2681.6650390625,3476.728759765625
2023-09-02,2926.470584181332,2978.8955078125,2657.1669921875,3417.82080078125
2023-09-03,2942.232544239759,3003.93359375,2687.222900390625,3423.855712890625
2023-09-04,2936.9785575536166,3107.467041015625,2768.4580078125,3567.721923828125
2023-09-05,2936.9785575536166,3079.0732421875,2753.388916015625,3527.371826171875
2023-09-09,2910.7086241229044,2955.60107421875,2658.442626953125,3360.222900390625
2023-09-10,2900.2006507506194,2921.545166015625,2636.9619140625,3320.337646484375
2023-09-11,2889.692677378335,2884.947265625,2607.640380859375,3274.51513671875
2023-09-12,2842.406797203053,2895.514892578125,2618.3232421875,3277.908935546875
2023-09-13,2789.8669303416286,2918.790771484375,2643.787353515625,3295.254150390625
2023-09-17,2784.612943655486,2933.743408203125,2661.93212890625,3277.441162109375
2023-09-18,2784.612943655486,2934.85498046875,2668.033447265625,3267.997802734375
2023-09-19,2779.358956969344,2967.853271484375,2699.58154296875,3304.880859375
2023-09-20,2695.295169991065,2913.91455078125,2650.4931640625,3240.453125
2023-09-23,2747.8350368524893,2894.4375,2636.056884765625,3215.72607421875
2023-09-25,2753.0890235386314,2848.453125,2590.101318359375,3169.18310546875
2023-09-26,2742.581050166347,2848.831787109375,2600.927978515625,3154.639892578125
2023-09-27,2700.5491566772075,2844.091064453125,2609.2265625,3128.32177734375
2023-09-30,2721.565103421777,2777.73974609375,2530.588623046875,3081.0166015625
2023-10-01,2753.0890235386314,2740.93017578125,2483.826904296875,3055.296630859375
2023-10-02,2747.8350368524893,2717.920654296875,2468.183349609375,3025.75390625
2023-10-04,2737.3270634802043,2746.8828125,2508.614013671875,3044.439208984375
2023-10-07,2821.390850458484,2764.915283203125,2543.29345703125,3040.09912109375
2023-10-08,2831.898823830768,2669.66015625,2444.27685546875,2946.8134765625
2023-10-09,2795.120917027771,2731.088623046875,2504.47216796875,3006.77880859375
2023-10-10,2810.8828770861983,2808.6474609375,2593.643798828125,3068.720703125
2023-10-11,2732.0730767940618,2732.774658203125,2525.72314453125,2976.658935546875
2023-10-14,2747.8350368524893,2634.413818359375,2425.026611328125,2880.37109375
2023-10-15,2810.8828770861987,2754.580322265625,2525.431884765625,3008.142822265625
2023-10-16,2816.136863772341,2773.986572265625,2522.78515625,3040.892578125
2023-10-18,2810.8828770861987,2765.85791015625,2536.732177734375,3013.4580078125
2023-10-21,2894.9466640644773,2737.818359375,2515.303955078125,2987.993896484375
2023-10-22,2905.454637436762,2867.16015625,2619.896240234375,3135.22998046875
2023-10-23,2910.708624122905,2904.18359375,2646.853515625,3186.0341796875
2023-10-24,2973.7564643566134,2855.02197265625,2625.170166015625,3122.748779296875
2023-10-25,2973.7564643566134,2879.47900390625,2650.476318359375,3150.32666015625
2023-10-28,2963.248490984329,2774.3818359375,2560.69580078125,3028.76123046875
2023-10-29,2952.740517612044,2802.7646484375,2602.171142578125,3040.7880859375
2023-10-30,2942.232544239759,2856.11279296875,2649.75537109375,3100.109130859375
2023-10-31,2910.7086241229044,2854.119140625,2633.6328125,3115.875
2023-11-01,2884.4386906921927,2850.3916015625,2634.0634765625,3111.5517578125
2023-11-04,2842.406797203053,2987.740966796875,2719.732666015625,3305.10986328125
2023-11-05,2826.6448371446254,3019.03466796875,2746.93701171875,3343.37744140625
2023-11-06,2810.8828770861983,3009.9638671875,2745.809326171875,3324.13427734375
2023-11-07,2800.374903713913,3074.921142578125,2793.89306640625,3395.69677734375
2023-11-08,2805.628890400056,3030.32275390625,2757.203369140625,3343.871826171875
2023-11-11,2795.120917027771,2975.713134765625,2729.09423828125,3265.458251953125
2023-11-12,2789.8669303416286,2948.99951171875,2706.248291015625,3237.555908203125
2023-11-13,2789.8669303416286,2972.645263671875,2712.205322265625,3281.224609375
2023-11-14,2795.120917027771,2929.517822265625,2678.4033203125,3226.128173828125
2023-11-15,2879.1847040060497,2927.00341796875,2660.92138671875,3226.650146484375
2023-11-18,2947.4865309259008,2902.244873046875,2608.5654296875,3206.31494140625
2023-11-19,3105.1061315101742,2856.128662109375,2607.03271484375,3126.204833984375
2023-11-20,3288.9956655251594,2832.23193359375,2595.43701171875,3096.43017578125
2023-11-21,3273.233705466732,2828.996337890625,2568.133544921875,3110.376953125
2023-11-22,3241.709785349877,2788.968505859375,2510.8671875,3067.619384765625
2023-11-25,3199.677891860738,2736.66064453125,2450.55615234375,3006.431884765625
2023-11-26,3204.9318785468804,2794.71240234375,2583.8857421875,3097.2509765625
2023-11-27,3199.677891860738,2780.302490234375,2590.736328125,3024.7421875
2023-11-28,3194.423905174596,2810.309814453125,2629.52294921875,3044.820068359375
2023-11-29,3189.169918488453,2919.152587890625,2700.638427734375,3207.77197265625
2023-12-02,3225.94782529145,2973.601318359375,2737.78076171875,3288.06982421875
2023-12-03,3315.265598955872,3176.11767578125,2863.76318359375,3599.563232421875
2023-12-04,3357.2974924450104,3439.260009765625,3027.444091796875,3990.78759765625
2023-12-05,3346.789519072726,3273.412841796875,2911.2646484375,3755.043701171875
2023-12-06,3336.2815457004403,3190.88134765625,2855.22802734375,3633.94140625
2023-12-09,3310.011612269728,3148.31494140625,2828.1923828125,3565.4501953125
2023-12-10,3294.249652211301,3163.55810546875,2864.3310546875,3558.478515625
2023-12-11,3262.725732094447,3155.360107421875,2854.087646484375,3549.722900390625
2023-12-12,3267.9797187805893,3162.18359375,2868.125732421875,3544.067626953125
2023-12-13,3299.503638897444,3140.794921875,2852.302734375,3512.75439453125
2023-12-16,3273.233705466732,3207.005126953125,2904.873291015625,3599.89599609375
2023-12-18,3257.4717454083047,3342.575439453125,3010.681640625,3773.852783203125
2023-12-19,3236.455798663734,3358.193115234375,3029.76171875,3783.6875
2023-12-20,3236.455798663734,3305.604248046875,2995.19287109375,3709.982177734375
2023-12-23,3246.96377203602,3325.929443359375,3020.408203125,3724.160888671875
2023-12-24,3257.4717454083047,3285.5244140625,2978.204345703125,3681.02001953125
2023-12-25,3252.217758722162,3276.585205078125,2968.423095703125,3672.695556640625
2023-12-26,3273.233705466732,3205.30859375,2903.181396484375,3589.1884765625
2023-12-27,3288.995665525159,3239.443603515625,2938.97705078125,3617.492431640625
2023-12-30,3315.265598955871,3338.579345703125,3023.173583984375,3732.3564453125
2023-12-31,3331.0275590142983,3276.774169921875,2966.817138671875,3658.227783203125
2024-01-01,3320.5195856420137,3253.352294921875,2952.32177734375,3621.474365234375
2024-01-02,3294.249652211302,3236.416259765625,2945.823974609375,3593.907958984375
2024-01-03,3278.4876921528744,3240.882568359375,2953.589111328125,3593.7763671875
2024-01-06,3278.4876921528744,3271.193359375,2996.21240234375,3604.68115234375
2024-01-07,3273.2337054667323,3278.4931640625,2982.712646484375,3623.8662109375
2024-01-08,3267.9797187805893,3279.30712890625,3019.128173828125,3588.767822265625
2024-01-09,3231.201811977593,1474.500732421875,115.945556640625,3279.41064453125
2024-01-10,3246.96377203602,1477.4072265625,114.51892852783203,3292.229248046875
2024-01-13,3252.217758722162,3325.219482421875,2944.70556640625,3688.3916015625
2024-01-14,3252.217758722162,3351.0498046875,3100.32373046875,3636.808837890625
2024-01-15,3231.201811977593,3307.835693359375,3072.4833984375,3589.141845703125
2024-01-16,3225.94782529145,3305.988525390625,3068.93798828125,3592.138916015625
2024-01-17,3210.185865233023,3240.21826171875,3019.337890625,3503.22900390625
2024-01-20,3215.439851919165,3300.77880859375,3058.833740234375,3586.291015625
2024-01-21,3178.661945116168,3300.177001953125,3044.412109375,3604.390625
2024-01-22,3152.392011685456,3263.654541015625,3010.611328125,3567.67333984375
2024-01-23,3147.138024999313,3221.11328125,2974.642822265625,3509.40771484375
2024-01-24,3152.392011685456,3226.315185546875,3000.5654296875,3488.539794921875
2024-01-27,3136.630051627029,3280.97216796875,3058.86328125,3540.24169921875
2024-01-28,3089.344171451747,3271.382568359375,3057.890869140625,3521.181396484375
2024-01-29,3105.1061315101742,3224.47998046875,3009.546630859375,3478.4052734375
2024-01-30,3115.614104882459,3192.171142578125,2979.50146484375,3446.960693359375
2024-01-31,3167.387341772152,3164.3681640625,2950.02001953125,3423.2529296875
2024-02-03,3309.9410488245926,3159.125732421875,2934.019287109375,3429.05810546875
2024-02-04,3468.097649186257,3108.64453125,2888.731689453125,3372.599365234375
2024-02-05,3418.4520795660032,3081.833251953125,2859.66796875,3351.330810546875
2024-02-06,3508.523327305606,3083.801025390625,2857.82861328125,3359.39453125
2024-02-13,3471.643761301989,3128.744384765625,2915.6240234375,3384.445068359375
2024-02-14,3445.402531645569,3126.504638671875,2916.974365234375,3376.314208984375
2024-02-17,3418.452079566004,3034.97607421875,2821.197509765625,3287.48388671875
2024-02-18,3397.175406871609,3073.12841796875,2849.446044921875,3338.1171875
2024-02-19,3400.012296564196,3105.063720703125,2884.49267578125,3378.8662109375
2024-02-28,3357.458951175407,3127.540771484375,2926.72119140625,3364.82080078125
2024-03-02,3321.2886075949364,3245.327392578125,3015.78955078125,3514.801513671875
2024-03-03,3422.7074141048824,3429.843017578125,3119.5419921875,3749.353759765625
2024-03-04,3529.0907775768533,3388.73583984375,3058.720458984375,3719.999755859375
2024-03-05,3665.2614828209767,3486.345947265625,3125.828125,3836.8740234375
2024-03-06,3663.8430379746833,3432.858642578125,3076.719970703125,3762.811279296875
2024-03-09,3624.126582278481,3461.28955078125,3094.336181640625,3790.07958984375
2024-03-10,3624.126582278481,3413.26171875,3063.95703125,3729.54345703125
2024-03-11,3609.942133815552,3431.51806640625,3087.5322265625,3742.5126953125
2024-03-12,3581.5732368896925,3445.951171875,3084.244384765625,3777.079345703125
2024-03-13,3602.8499095840866,3407.57080078125,3067.78662109375,3720.2578125
2024-03-16,3595.7576853526216,3365.7294921875,3028.5341796875,3672.522216796875
2024-03-17,3595.7576853526225,3473.249755859375,3147.852294921875,3770.59765625
2024-03-18,3609.942133815552,3565.11083984375,3201.037353515625,3912.884033203125
2024-03-24,3659.587703435805,3708.12451171875,3329.30322265625,4090.03564453125
2024-03-25,3567.388788426763,3717.47265625,3344.13818359375,4081.59228515625
2024-03-26,3531.92766726944,3666.7470703125,3290.296875,4020.916015625
2024-03-27,3546.1121157323687,3664.751220703125,3288.036376953125,4011.08984375
2024-03-30,3560.2965641952983,3616.760498046875,3231.060546875,3961.877685546875
2024-04-02,3595.757685352622,3558.64599609375,3163.337646484375,3912.77685546875
2024-04-03,3836.8933092224224,3580.3681640625,3172.8515625,3965.6015625
2024-04-06,3957.461121157324,3562.0185546875,3143.7294921875,3958.52001953125
2024-04-07,3936.1844484629296,3530.52734375,3148.99853515625,3894.667724609375
2024-04-08,3851.077757685352,3527.35986328125,3115.0712890625,3928.448974609375
2024-04-09,3836.8933092224224,3584.99951171875,3151.45751953125,4038.58984375
2024-04-13,3836.8933092224233,3419.2333984375,3005.968994140625,3831.402587890625
2024-04-14,3780.1555153707054,3463.6015625,3074.36962890625,3835.21728515625
2024-04-15,3737.6021699819166,3460.15673828125,3078.869140625,3820.317138671875
2024-04-16,3695.048824593128,3521.837646484375,3127.637939453125,3903.58935546875
2024-04-17,3680.864376130199,3509.6806640625,3139.353759765625,3853.8037109375
2024-04-20,3666.6799276672696,3792.1328125,3345.675048828125,4302.85009765625
2024-04-21,3609.942133815552,3970.993408203125,3394.184814453125,4556.32958984375
2024-04-22,3609.942133815552,3926.562744140625,3453.6201171875,4359.46630859375
2024-04-23,3581.5732368896925,3736.532958984375,3358.794921875,4029.79248046875
2024-04-24,3553.2043399638337,3741.8681640625,3365.906005859375,4020.901123046875
2024-04-27,3553.2043399638337,3745.986572265625,3366.69482421875,4027.8076171875
2024-04-28,3503.5587703435804,3729.618896484375,3340.046630859375,4020.209716796875
2024-04-29,3553.2043399638337,3688.244140625,3337.998046875,3956.15966796875
2024-04-30,3553.2043399638337,3615.8818359375,3233.59326171875,3907.169921875
2024-05-01,3560.2965641952983,3544.866943359375,3129.276611328125,3866.1806640625
2024-05-05,3432.636528028933,3555.45751953125,3156.92236328125,3861.393310546875
2024-05-06,3468.0976491862566,3530.426025390625,3196.7841796875,3806.431396484375
2024-05-07,3405.686075949367,3532.247314453125,3215.883544921875,3796.201904296875
2024-05-08,3342.565280289331,3520.63525390625,3251.887939453125,3755.45556640625
2024-05-11,3285.827486437613,3458.560302734375,3172.753173828125,3701.90234375
2024-05-12,3350.366726943942,3470.206298828125,3179.2978515625,3719.0634765625
2024-05-13,3406.395298372513,3434.928955078125,3116.5380859375,3701.76318359375
2024-05-14,3470.9345388788424,3444.46240234375,3170.03173828125,3683.484375
2024-05-15,3467.38842676311,3475.799072265625,3131.0986328125,3803.6455078125
2024-05-18,3456.7500904159133,3540.216796875,3157.786865234375,3921.265380859375
2024-05-19,3389.373960216998,3236.75244140625,2837.611083984375,3636.842041015625
2024-05-21,3421.288969258589,3359.733154296875,2992.7138671875,3735.855224609375
2024-05-25,3488.6650994575043,3279.811279296875,2920.922119140625,3652.0380859375
2024-05-26,3479.4452079566,3201.209228515625,2889.617431640625,3519.42431640625
2024-05-27,3459.586980108499,3169.63720703125,2832.82177734375,3509.446044921875
2024-05-28,3401.4307414104883,3295.42333984375,2945.939697265625,3663.12548828125
2024-05-29,3334.7638336347195,3387.655517578125,2961.785400390625,3839.4931640625
2024-06-01,3278.735262206148,3490.483642578125,3039.04736328125,3966.14306640625
2024-06-02,3331.9269439421337,3448.95068359375,3063.5791015625,3833.7568359375
2024-06-05,3341.8560578661845,3433.958740234375,3066.822998046875,3792.144287109375
2024-06-08,3350.366726943942,3307.45703125,2960.531982421875,3652.4462890625
2024-06-09,3390.792405063291,3434.365234375,3115.723876953125,3779.517578125
2024-06-10,3457.45931283906,3551.386474609375,3213.40380859375,3899.154541015625
2024-06-11,3458.168535262206,3561.028564453125,3221.194580078125,3901.989990234375
2024-06-12,3418.452079566004,3514.58056640625,3197.605712890625,3843.126953125
2024-06-15,3426.2535262206147,3334.360107421875,3068.8857421875,3636.544189453125
2024-06-16,3470.9345388788424,3218.08837890625,2985.83740234375,3496.209228515625
2024-06-18,3532.6368896925865,3202.0791015625,2976.171875,3486.146728515625
2024-06-19,3743.9851717902343,3304.438720703125,3060.605712890625,3640.59912109375
2024-06-22,3795.049186256781,3299.816650390625,3049.261474609375,3649.4697265625
2024-06-23,3762.424954792044,3294.687255859375,3067.046142578125,3594.16015625
2024-06-24,3748.240506329114,3346.265869140625,3102.1591796875,3647.572021484375
2024-06-26,3719.871609403255,3390.00390625,3142.92431640625,3687.995849609375
2024-06-29,3702.141048824592,3421.510986328125,3178.087890625,3709.97802734375
2024-06-30,3687.956600361664,3390.1591796875,3148.3935546875,3668.833984375
2024-07-01,3360.295840867993,3404.42431640625,3158.995361328125,3686.15380859375
2024-07-02,3341.146835443038,3491.852783203125,3218.0078125,3805.804443359375
2024-07-03,3319.160940325497,3581.773193359375,3292.27490234375,3919.4775390625
2024-07-06,3254.621699819168,3781.701904296875,3397.23828125,4231.060546875
2024-07-07,3199.302350813743,3845.992919921875,3419.17041015625,4333.51171875
2024-07-08,3176.607233273056,3774.17138671875,3404.673095703125,4220.783203125
2024-07-09,3064.550090415913,3734.853759765625,3385.8173828125,4155.4755859375
2024-07-10,2961.003616636528,3679.1005859375,3356.665771484375,4064.63623046875
2024-07-13,2953.202169981917,3630.2080078125,3320.553955078125,4000.116455078125
2024-07-14,2961.003616636528,3639.04248046875,3335.463134765625,4004.855712890625
2024-07-22,2956.7482820976493,3378.110595703125,3061.9423828125,3826.1767578125
2024-07-23,2955.3298372513564,3316.525634765625,3028.32080078125,3724.313720703125
2024-07-24,2953.9113924050635,3348.672119140625,3042.857421875,3729.214111328125
2024-07-27,2937.5992766726945,3215.990966796875,2941.3798828125,3557.643310546875
2024-07-29,2912.067269439421,3152.912353515625,2895.579833984375,3484.557861328125
2024-07-30,2941.1453887884268,3184.56201171875,2931.825927734375,3557.534912109375
2024-07-31,2999.3016274864376,3023.067626953125,2762.163330078125,3487.2958984375
2024-08-03,3058.876311030741,2890.768310546875,2636.240966796875,3401.53076171875
2024-08-04,3092.2097649186253,2871.75537109375,2628.15234375,3395.4912109375
2024-08-05,3073.060759493671,2900.343017578125,2655.72607421875,3373.0703125
2024-08-06,3082.280650994575,2916.39892578125,2684.82958984375,3332.9140625
2024-08-10,3131.216998191682,2900.08251953125,2685.8720703125,3244.248779296875
2024-08-11,3153.202893309222,2874.863037109375,2663.41162109375,3215.568603515625
2024-08-12,3160.295117540687,2859.934814453125,2661.5,3187.32421875
2024-08-13,3170.933453887884,2865.357421875,2665.013671875,3183.831298828125
2024-08-14,3230.508137432188,2941.100341796875,2738.310791015625,3239.27197265625
2024-08-17,3238.309584086799,3028.00537109375,2804.218505859375,3348.032958984375
2024-08-18,3186.536347197107,3108.24951171875,2867.509033203125,3460.739501953125
2024-08-19,3110.649547920434,3102.076904296875,2868.340576171875,3456.247314453125
2024-08-20,3050.365641952984,3036.47802734375,2804.73095703125,3373.897216796875
2024-08-21,3073.060759493671,3078.419189453125,2838.769287109375,3448.9521484375
2024-08-24,3036.8904159132007,3162.27783203125,2912.80908203125,3576.3388671875
2024-08-26,3008.5215189873416,3171.3779296875,2922.784912109375,3581.5390625
2024-08-27,2963.840506329114,3176.760498046875,2938.011962890625,3554.199951171875
2024-08-28,2933.3439421338157,3187.780517578125,2956.518798828125,3564.588623046875
2024-08-31,2931.216274864376,3251.66796875,2989.749267578125,3669.4267578125
2024-09-01,2958.8759493670887,3253.839599609375,2991.125,3642.9501953125
2024-09-03,2962.422061482821,3158.030517578125,2922.819580078125,3512.537109375
2024-09-07,2961.7128390596745,3088.32421875,2859.483642578125,3443.89501953125
2024-09-08,2989.3725135623868,3012.08251953125,2779.81884765625,3382.215576171875
2024-09-09,3072.3515370705245,3122.451904296875,2874.460693359375,3459.78369140625
2024-09-10,3058.1670886075945,3045.40380859375,2800.097900390625,3376.563232421875
2024-09-11,3027.6705244122963,2968.9521484375,2734.472900390625,3258.471923828125
2024-09-14,2997.883182640145,2946.131103515625,2715.179443359375,3227.41552734375
2024-09-15,2973.7696202531647,2974.8095703125,2687.335205078125,3282.619140625
2024-09-16,2946.1099457504524,2956.9501953125,2640.286865234375,3273.7744140625
2024-09-17,2917.031826401447,3028.033203125,2727.1484375,3338.35693359375
2024-09-18,2887.953707052441,3018.8642578125,2711.891357421875,3329.2763671875
2024-09-22,2861.7124773960218,3019.510498046875,2700.53955078125,3331.1904296875
2024-09-23,2850.364918625678,3057.590576171875,2728.671875,3378.55419921875
2024-09-24,2878.733815551537,3126.458984375,2752.2060546875,3481.121337890625
2024-09-25,2957.457504520796,3106.460205078125,2757.306396484375,3434.35498046875
2024-09-28,2976.6065099457505,3023.582275390625,2703.793212890625,3328.427001953125
2024-09-29,2918.45027124774,3017.634033203125,2688.845703125,3320.448486328125
2024-09-30,2857.457142857143,2983.465087890625,2676.268310546875,3275.02490234375
2024-10-01,2880.861482820977,2967.7626953125,2648.314453125,3264.31787109375
2024-10-02,2802.137793851718,2922.10986328125,2654.87646484375,3194.692626953125
2024-10-05,2721.995660036166,2820.3427734375,2606.980712890625,3069.102294921875
2024-10-06,2729.7971066907776,2808.063720703125,2606.0283203125,3047.447998046875
2024-10-07,2734.761663652803,2791.326416015625,2602.3388671875,3021.69873046875
2024-10-08,2688.662206148282,2861.04052734375,2671.934814453125,3094.6572265625
2024-10-12,2759.584448462929,3002.1435546875,2794.80126953125,3257.9697265625
2024-10-13,2841.8542495479205,3000.2890625,2794.116943359375,3256.8310546875
2024-10-14,2926.960940325497,2897.869384765625,2691.931884765625,3159.338134765625
2024-10-15,2925.5424954792043,2807.16748046875,2610.666259765625,3060.428955078125
2024-10-16,2978.024954792044,2896.406005859375,2706.546875,3141.56640625
2024-10-19,3043.9826401446653,2813.001220703125,2618.6015625,3066.051513671875
2024-10-20,2954.62061482821,2745.985107421875,2532.3427734375,3022.685302734375
2024-10-21,2939.0177215189874,2736.177490234375,2531.489990234375,3009.296875
2024-10-22,2981.571066907776,2746.16357421875,2549.819091796875,2995.654052734375
2024-10-23,2963.1312839059674,2703.722412109375,2506.49560546875,2954.904541015625
2024-10-26,3049.6564195298374,2829.196044921875,2607.07958984375,3109.232666015625
2024-10-27,3174.4795660036166,2887.74072265625,2659.908447265625,3204.40185546875
2024-10-28,3170.9334538878843,2951.626220703125,2721.8916015625,3243.053955078125
2024-10-29,3196.465461121157,2979.90283203125,2760.271240234375,3258.009521484375
2024-10-30,3290.0828209764923,3095.19482421875,2860.912841796875,3390.14892578125
2024-11-02,3319.8701627486444,3174.70458984375,2925.27587890625,3489.656005859375
2024-11-03,3403.558408679928,3034.516845703125,2799.4970703125,3331.532958984375
2024-11-04,3375.189511754069,3010.295166015625,2771.90625,3311.896240234375
2024-11-05,3314.9056057866183,3059.639404296875,2810.38037109375,3382.746337890625
2024-11-06,3336.1822784810124,3006.44580078125,2773.1748046875,3317.2294921875
2024-11-09,3426.2535262206147,3182.653076171875,2899.248779296875,3551.527587890625
2024-11-11,3524.126220614828,3374.54736328125,3029.138427734375,3771.904296875
2024-11-12,3582.9916817359854,3371.858154296875,3020.7099609375,3762.275146484375
2024-11-13,3585.828571428571,3433.130615234375,3043.24267578125,3840.838134765625
2024-11-16,3546.1121157323687,3548.23876953125,3114.318359375,3990.43408203125
2024-11-17,3489.3743218806508,3515.89599609375,3096.119873046875,3936.768798828125
2024-11-18,3588.665461121157,3626.642333984375,3184.165771484375,4059.182373046875
2024-11-19,3673.7721518987337,3570.353515625,3154.859130859375,3957.50244140625
2024-11-20,3673.7721518987337,3463.95068359375,3067.35302734375,3842.824951171875
2024-11-23,3574.4810126582283,3425.605224609375,3064.397216796875,3792.0205078125
2024-11-24,3517.743218806509,3534.24609375,3157.034423828125,3947.748779296875
2024-11-25,3617.034358047016,3639.709228515625,3258.844482421875,4053.706787109375
2024-11-26,3666.6799276672696,3601.07958984375,3210.078857421875,4016.391845703125
2024-11-27,3723.417721518988,3571.221923828125,3196.004150390625,3969.91259765625
2024-11-30,3829.8010849909583,3516.149169921875,3166.2724609375,3883.7880859375
2024-12-01,3943.276672694394,3397.2451171875,3079.1748046875,3733.056396484375
2024-12-02,4049.660036166365,3548.63134765625,3217.70947265625,3908.828369140625
2024-12-03,4007.1066907775767,3613.153564453125,3250.94921875,4014.2578125
2024-12-04,4056.75226039783,3709.945068359375,3353.1474609375,4091.453857421875
2024-12-07,4177.320072332731,3565.384521484375,3226.006591796875,3906.33251953125
2024-12-08,4255.334538878843,3567.08056640625,3234.145263671875,3891.646240234375
2024-12-09,4326.25678119349,3720.702392578125,3370.74365234375,4068.881591796875
2024-12-10,4439.732368896925,3807.49755859375,3427.591552734375,4184.03662109375
2024-12-11,4340.44122965642,3846.71728515625,3456.098876953125,4246.51220703125
2024-12-14,4226.965641952984,3970.87939453125,3535.5859375,4430.31689453125
2024-12-15,4113.490054249548,4068.010009765625,3625.4306640625,4524.78076171875
2024-12-16,4007.1066907775767,4152.48779296875,3706.55517578125,4623.712890625
2024-12-17,4099.305605786619,4154.8759765625,3701.738525390625,4629.36865234375
2024-12-18,4148.951175406872,4120.9150390625,3645.0869140625,4617.802734375
2024-12-21,4269.518987341772,4198.19580078125,3554.906005859375,4811.50634765625
2024-12-22,4290.795660036167,4284.68896484375,3669.112548828125,4897.82958984375
2024-12-23,4248.2423146473775,4374.67431640625,3749.427734375,4981.60498046875
2024-12-24,4326.25678119349,4451.87451171875,3854.6298828125,5052.88427734375
2024-12-25,4319.164556962025,4272.2470703125,3646.490234375,4867.90966796875
2024-12-28,4212.781193490054,4043.227783203125,3433.595458984375,4623.6669921875
2024-12-29,4106.397830018083,3949.76220703125,3410.626220703125,4489.65283203125
2024-12-30,4156.043399638336,3866.30712890625,3330.501220703125,4406.8203125
2024-12-31,4134.766726943942,4059.986572265625,3493.89306640625,4620.18310546875
2025-01-01,4035.475587703436,4085.851806640625,3507.360107421875,4628.79931640625
2025-01-04,4021.291139240506,4136.5908203125,3604.184326171875,4648.69921875
2025-01-05,3914.907775768535,4216.46630859375,3669.2890625,4754.533203125
2025-01-06,3922.0,4169.453125,3644.94580078125,4700.2060546875
2025-01-07,4035.475587703436,4298.1162109375,3772.919189453125,4827.2646484375
2025-01-08,4148.951175406872,4248.64697265625,3685.947265625,4812.837890625
2025-01-11,4092.213381555154,4116.2177734375,3577.06494140625,4653.916015625
2025-01-12,4014.1989150090417,4046.265380859375,3506.050048828125,4557.63037109375
2025-01-13,3992.922242314648,4182.86474609375,3671.27392578125,4680.361328125
2025-01-15,3929.092224231465,4153.021484375,3593.70556640625,4727.68798828125
2025-01-18,3936.1844484629296,3955.390869140625,3496.091796875,4458.35595703125
2025-01-19,3943.276672694394,3926.9306640625,3463.583984375,4431.486328125
2025-01-20,3971.645569620253,3808.209228515625,3370.054931640625,4272.51513671875
2025-01-21,3971.645569620253,3826.1318359375,3415.59423828125,4270.375
2025-01-22,4049.660036166365,4020.36376953125,3573.1689453125,4508.2958984375
2025-01-25,3978.737793851718,4172.3525390625,3696.42626953125,4679.42041015625
2025-01-26,3872.354430379746,4123.1787109375,3682.594970703125,4573.59521484375
2025-01-27,3773.06329113924,4017.537109375,3627.998046875,4419.419921875
2025-01-29,3829.8010849909583,4008.9951171875,3655.473876953125,4380.94140625
2025-02-01,3843.985533453888,3919.282470703125,3589.756103515625,4266.8359375
2025-02-02,3836.893309222423,4003.9521484375,3631.407958984375,4380.04052734375
2025-02-03,3801.4321880651,3961.8662109375,3565.758056640625,4347.11962890625
2025-02-04,3886.538878842676,3962.60205078125,3548.1005859375,4375.607421875
2025-02-05,4000.014466546112,3903.063720703125,3499.199951171875,4296.767578125
2025-02-09,4099.305605786619,3917.08837890625,3511.60400390625,4313.802734375
2025-02-11,4085.1211573236887,3885.555419921875,3425.72119140625,4325.7529296875
2025-02-15,4106.397830018083,3748.576171875,3309.847412109375,4173.01904296875
2025-02-16,4127.674502712477,3638.840087890625,3175.204833984375,4083.650634765625
2025-02-17,4007.1066907775767,3689.9833984375,3288.812744140625,4064.50732421875
2025-02-18,3950.3688969258583,3694.7177734375,3322.744873046875,4045.772216796875
2025-02-19,3922.0,3663.200439453125,3316.128173828125,3985.397705078125
2025-02-22,3922.0,3699.620361328125,3412.360595703125,3975.017578125
2025-02-23,4037.0,3794.98046875,3490.564453125,4071.12353515625
2025-02-24,4025.000000000001,3827.516357421875,3472.0087890625,4119.7333984375
2025-02-25,3973.0,3861.03564453125,3444.740966796875,4191.4130859375
2025-02-26,3866.0,3906.60595703125,3575.584228515625,4179.88037109375
2025-03-01,3981.0,3944.5439453125,3614.957763671875,4210.37255859375
2025-03-02,4086.0,4010.31640625,3617.27587890625,4312.98583984375
2025-03-03,4035.0,3871.492919921875,3528.576904296875,4144.74072265625
2025-03-04,3952.000000000001,3843.146240234375,3471.951171875,4131.20068359375
2025-03-05,3878.0,3723.114990234375,3280.347900390625,4054.97314453125
2025-03-12,3994.000000000001,3940.576416015625,3467.984375,4432.3046875
2025-03-15,4048.0,3964.83154296875,3503.847412109375,4419.09326171875
2025-03-16,4048.000000000001,4027.5283203125,3602.639892578125,4444.615234375
2025-03-17,4169.0,3964.76123046875,3578.131103515625,4328.6015625
2025-03-18,4272.0,3850.7177734375,3459.629638671875,4205.9287109375
2025-03-29,4152.0,3945.210205078125,3593.032958984375,4267.62548828125
2025-03-30,4131.0,4051.267822265625,3621.823486328125,4483.24072265625
